run,n,block,dim,n_cols,energy_share,F_plain,F_twist,F_both,med_alpha_plain,med_alpha_twist,plain_side,twist_side,verdict,support_orbit_dist,energy_by_block,frac_block_dominant,comp_energy,C_plain,C_plainchar,C_twist,wmean_alpha_plain,wmean_alpha_plainchar,wmean_alpha_twist,verdict_component
aff11_wu100k_m128_seed1,11.0,11,10.0,240.0,0.8776872967830462,0.9993480264866066,0.0,0.0,0.9999958465989846,0.2992071578567675,l:0.50 r:0.50,l:0.50 r:0.50,plain,10:1.00,d0:0.12 d11:0.88,0.9131161307266343,44687.00331130618,0.9992715930468682,0.0,0.0,0.9994157564439894,0.3580291318059051,0.2995171552210498,plain
aff11_wu100k_m128_seed2,11.0,11,10.0,232.0,0.819205768679644,1.0,0.0,0.0,0.9999953734812231,0.41762080806221796,l:0.50 r:0.50,l:0.50 r:0.50,plain,10:1.00,d0:0.18 d11:0.82,0.8586031814671332,43141.08276469575,0.9999939176730256,0.0,0.0,0.9999907988579221,0.7483441748416712,0.41761764427099407,plain
aff11_wu100k_m128_seed3,11.0,11,10.0,232.0,0.809548570059655,0.9947933082585676,0.0,0.0,0.9999956635816643,0.31584384254360187,l:0.50 r:0.50,l:0.50 r:0.50,plain,10:1.00,d0:0.19 d11:0.81,0.8451852486869833,41985.02142199632,0.9948417866949152,0.0,0.0,0.9973473622936748,0.7422914803754853,0.31710872906716986,plain
aff11_wu100k_m128_seed4,11.0,11,10.0,238.0,0.841292799678454,1.0,0.0,0.0,0.9999960352536428,0.3479171830522519,l:0.50 r:0.50,l:0.50 r:0.50,plain,10:1.00,d0:0.16 d11:0.84,0.8796881656159659,43691.54817460301,0.9998853376605485,0.0,0.0,0.9999071193082761,0.6677618504407723,0.34795236728005624,plain
aff11_wu100k_m128_seed5,11.0,11,10.0,230.0,0.8452060965716355,0.9944059511207604,0.0,0.0,0.999994231303167,0.26663612894513455,l:0.50 r:0.50,l:0.50 r:0.50,plain,10:1.00,d0:0.15 d11:0.85,0.891804963391765,39913.768032836444,0.9944813735444855,0.0,0.0007302515211939929,0.9969128420633527,0.4206318973651182,0.26813970916954116,plain
aff11_wu_m128_seed2,11.0,11,10.0,238.0,0.8699307142423301,0.9944926986072922,0.0,0.0,0.9999883889198392,0.38977702601063463,l:0.50 r:0.50,l:0.50 r:0.50,plain,10:1.00,d0:0.13 d11:0.87,0.9081251319447241,45280.88015535765,0.9946212397437869,0.0,0.0,0.9969269860648937,0.4537509235397383,0.39034467341148504,plain
aff13_wu100k_m256_seed1,13.0,13,12.0,455.0,0.9077803694818799,0.999967048216732,0.0,0.0,0.999993856291632,0.32857945230646074,l:0.50 r:0.50,l:0.50 r:0.50,plain,6:0.00 12:1.00,d0:0.09 d13:0.91,0.9370564877118823,74388.95246986416,0.9999673963098514,0.0,0.0,0.9999724003823864,0.3488988059034354,0.3285827971487775,plain
aff13_wu100k_m256_seed2,13.0,13,12.0,425.0,0.8200258726634327,0.9999999785527812,0.0,0.0,0.9999952169789639,0.3425801893963878,l:0.50 r:0.50,l:0.50 r:0.50,plain,12:1.00,d0:0.18 d13:0.82,0.8545808352535055,63010.27651241248,1.0,0.0,0.0,0.9999958219332662,0.3524931709826886,0.34259049010319526,plain
aff15_chughtai_m128_seed1,15.0,15,8.0,0.0,0.0,,,,,,,,empty,,d0:0.65 d3:0.35,0.8231572094277939,0.4224515682703187,0.035023425470737723,0.035023425470737723,0.0,0.34597099388187025,0.4649321397618913,0.33030053593362607,neither
aff15_chughtai_m128_seed1,15.0,5,4.0,0.0,0.0,,,,,,,,empty,,,,0.060148526354792696,0.0,0.0,0.0004837689254296394,0.43593442198966437,0.46211155500178835,0.6859663199043297,neither
aff15_chughtai_m128_seed1,,5β,,,,,,,,,,,,,,,119864.60067491324,0.0,1.0,0.5404060237759859,5.621873304632946e-33,0.9999694188383312,0.7829362096210641,both
aff15_chughtai_m128_seed2,15.0,15,8.0,0.0,0.0,,,,,,,,empty,,d0:0.50 d5:0.50,0.9591058858517152,0.0009358471156131847,0.0,0.0,0.0,0.28184988382218773,0.30219826421408463,0.3866626084989571,neither
aff15_chughtai_m128_seed2,15.0,5,4.0,122.0,0.4968976793341778,0.9990399523403889,0.000452667874005549,0.0,0.9999999933631325,0.6069183127455652,l:0.50 r:0.50,l:0.50 r:0.50,plain,2:0.00 4:1.00,,,107321.36332710763,0.9990399524247713,0.0005073797142437376,0.0004526678609850491,0.9995955427470999,0.7670298956993686,0.6071768807812042,plain
aff15_chughtai_m128_seed2,,5β,,,,,,,,,,,,,,,0.00022318582891745642,0.0,0.0,0.010144600082836706,1.045729512507536e-23,0.5702515922364912,0.6995454683015457,neither
aff15_chughtai_m128_seed3,15.0,15,8.0,0.0,0.0,,,,,,,,empty,,d0:0.15 d3:0.44 d5:0.41,0.9577533340210347,0.0779000337759388,0.0,0.0,0.0,0.23506177828377486,0.27281952646141516,0.2954100076329251,neither
aff15_chughtai_m128_seed3,15.0,5,4.0,148.0,0.4118018856258158,1.0,0.0,0.0,0.9999999964900432,0.6072733582030251,l:0.50 r:0.50,l:0.50 r:0.50,plain,4:1.00,,,96674.64945311919,1.0,0.0,0.0,0.9999999991305668,0.7608180960647581,0.6072713736632791,plain
aff15_chughtai_m128_seed3,,5β,,,,,,,,,,,,,,,0.02420489989583387,0.0,0.0,0.0,4.632043737115781e-26,0.49308792589588873,0.6278595248113177,neither
aff15_chughtai_m128_seed4,15.0,15,8.0,0.0,0.0,,,,,,,,empty,,d0:0.11 d3:0.32 d5:0.57,0.9534350112697313,0.0014082084850926208,0.0,0.0,0.0,0.191299020671075,0.20393583976199545,0.2991204625552462,neither
aff15_chughtai_m128_seed4,15.0,5,4.0,156.0,0.5749416625920829,0.9923856706388794,0.0036284114613563245,0.0,0.9999999941099175,0.6096522238401504,l:0.50 r:0.50,l:0.50 r:0.50,plain,2:0.00 4:1.00,,,104514.05530751133,0.9923856715194777,0.00398591726641973,0.003628411214102685,0.9968019380776157,0.7625481713416462,0.6116962638485458,plain
aff15_chughtai_m128_seed4,,5β,,,,,,,,,,,,,,,0.00035437603851822073,0.0,0.0,0.00860467225149413,6.481842138059129e-24,0.41191942801588327,0.6241027201643197,neither
aff15_chughtai_m128_seed5,15.0,15,8.0,0.0,0.0,,,,,,,,empty,,d0:0.31 d3:0.28 d5:0.41,0.9032782375171516,9.836372732276754,0.0,0.0,0.0,0.2618223456471143,0.2850359013105658,0.33504498330813326,neither
aff15_chughtai_m128_seed5,15.0,5,4.0,58.0,0.41125119125851195,1.0,0.0,0.0,0.9999997999571779,0.8973550275902902,l:0.50 r:0.50,l:0.50 r:0.50,plain,4:1.00,,,80843.64758247489,0.9998495123774879,0.0,4.136600208958029e-06,0.9999418253071529,0.6146698667530386,0.8973257627298736,plain
aff15_chughtai_m128_seed5,,5β,,,,,,,,,,,,,,,32704.633281559687,0.0,0.6936228929527882,0.24379872452926235,6.689349548783648e-33,0.9007079023324085,0.8638586736175029,plain
aff15_wu_m128_seed1,15.0,15,8.0,0.0,0.0,,,,,,,,empty,,d0:0.29 d3:0.17 d5:0.54,0.9328981705907973,0.137660019744119,0.0,0.0,0.0,0.29085496985546255,0.30857223521470095,0.38555571898434376,neither
aff15_wu_m128_seed1,15.0,5,4.0,109.0,0.5413096889202644,0.9999996812221024,0.0,0.0,0.999993329701581,0.5823153344777057,l:0.50 r:0.50,l:0.50 r:0.50,plain,4:1.00,,,24667.278325832103,1.0,0.0,0.0,0.9999973484471356,0.8163279848282864,0.5823817127188721,plain
aff15_wu_m128_seed1,,5β,,,,,,,,,,,,,,,0.029122193643150947,0.0,0.0,0.0,1.8768229960903613e-26,0.5573001563518132,0.7062197495784923,neither
aff15_wu_m128_seed2,15.0,15,8.0,0.0,0.0,,,,,,,,empty,,d0:0.47 d5:0.53,0.9400630259915228,0.48756334123845535,0.0,0.0,0.0,0.3061695469728045,0.3167793335365324,0.3433953702839967,neither
aff15_wu_m128_seed2,15.0,5,4.0,69.0,0.5255519577223584,0.9999999292445738,0.0,0.0,0.9999903087762337,0.8714835768180412,l:0.50 r:0.50,l:0.50 r:0.50,plain,4:1.00,,,29487.366418374844,0.9999862930249238,0.0,0.0,0.9999886604678824,0.6291362189176684,0.871512070020304,plain
aff15_wu_m128_seed2,,5β,,,,,,,,,,,,,,,0.09212060629115953,0.0,0.0,0.0,6.80559851886349e-27,0.5027758326268472,0.6384771187123219,neither
aff15_wu_m128_seed3,15.0,15,8.0,0.0,0.0,,,,,,,,empty,,d0:0.16 d3:0.34 d5:0.51,0.9705799454841126,0.18995311937471293,0.0,0.0,0.0,0.2662189487337292,0.2918340721824599,0.3643386450767713,neither
aff15_wu_m128_seed3,15.0,5,4.0,109.0,0.5071318395413804,0.9999995719824336,1.791311239728081e-09,0.0,0.9999905913326983,0.5951771431893832,l:0.50 r:0.50,l:0.50 r:0.50,plain,4:1.00,,,25245.615779939206,1.0,0.0,0.0,0.999996768318085,0.7870755779575435,0.5952208647951924,plain
aff15_wu_m128_seed3,,5β,,,,,,,,,,,,,,,0.05231907464804408,0.0,0.0,0.0,1.0735191020700509e-26,0.5633172307429924,0.6497099991113211,neither
aff15_wu_m128_seed4,15.0,15,8.0,0.0,0.0,,,,,,,,empty,,d0:0.14 d3:0.34 d5:0.53,0.9500117666770431,0.17205907445355387,0.0,0.0,0.0,0.23795257892223534,0.27661558569386907,0.3706378528242975,neither
aff15_wu_m128_seed4,15.0,5,4.0,117.0,0.5263068202563689,0.9999995832206574,2.6689042951971537e-08,0.0,0.9999953943545123,0.8120993119101532,l:0.50 r:0.50,l:0.50 r:0.50,plain,2:0.00 4:1.00,,,26166.912650391732,1.0,0.0,0.0,0.9999983533798584,0.6908018674275282,0.8121265398182503,plain
aff15_wu_m128_seed4,,5β,,,,,,,,,,,,,,,0.0385425262922892,0.0,0.0,0.027757104048947833,1.494079348223642e-26,0.4655678957361849,0.6878331123547717,neither
aff15_wu_m128_seed5,15.0,15,8.0,0.0,0.0,,,,,,,,empty,,d0:0.74 d3:0.26,0.9439143754949554,0.19007701447903197,0.0,0.0,0.0,0.2716457390032886,0.2955645768644852,0.38413312557391205,neither
aff15_wu_m128_seed5,15.0,5,4.0,0.0,0.0,,,,,,,,empty,,,,0.042286880401218765,0.0,0.0,0.06330304378129699,0.5023384069474534,0.49670536171012347,0.6927431432367859,neither
aff15_wu_m128_seed5,,5β,,,,,,,,,,,,,,,31356.617868487425,0.0,1.0,0.0,5.0233220292840596e-33,0.9999971501428943,0.5152095780102938,plain
aff15_wu_m512_seed1,15.0,15,8.0,0.0,0.0,,,,,,,,empty,,d0:0.14 d3:0.33 d5:0.53,0.8968232461533607,0.08907381076999965,0.0,0.0,0.0,0.2643488326324934,0.2898454756521639,0.36239358999383436,neither
aff15_wu_m512_seed1,15.0,5,4.0,213.0,0.5269628187397056,0.9999951076886755,1.1418517213483384e-06,0.0,0.9999949648902252,0.587418645071699,l:0.50 r:0.50,l:0.50 r:0.50,plain,2:0.00 4:1.00,,,23166.2344624665,1.0,0.0,0.0,0.9999978528610377,0.8045046129148415,0.5874357909720854,plain
aff15_wu_m512_seed1,,5β,,,,,,,,,,,,,,,0.02280407371926295,0.0,0.0,0.0,2.2169096581590807e-26,0.564806962997022,0.6637786172083775,neither
aff15_wu_m512_seed2,15.0,15,8.0,0.0,0.0,,,,,,,,empty,,d0:0.92 d3:0.08,0.9175597519684978,0.11043179783252957,0.0,0.0,0.0,0.26704884251577204,0.30231066670368845,0.36805818548595354,neither
aff15_wu_m512_seed2,15.0,5,4.0,0.0,0.0,,,,,,,,empty,,,,0.0327071267470907,0.0,0.0,0.07613542488400185,0.5223774609982481,0.5171352430900112,0.7448367136329804,neither
aff15_wu_m512_seed2,,5β,,,,,,,,,,,,,,,30265.767049664195,0.0,1.0,0.0,7.400366091892874e-33,0.9999966117608686,0.5336107850996678,plain
aff15_wu_m512_seed3,15.0,15,8.0,0.0,0.0,,,,,,,,empty,,d0:1.00,0.9534194214064751,0.14697129774520185,0.0,0.0,0.0,0.24935073240711153,0.28739060946575967,0.3555939558755231,neither
aff15_wu_m512_seed3,15.0,5,4.0,0.0,0.0,,,,,,,,empty,,,,0.035123695852198863,0.0,0.0,0.0,0.47824137153908974,0.4919803046196446,0.6452738291486407,neither
aff15_wu_m512_seed3,,5β,,,,,,,,,,,,,,,36488.47837630789,0.0,1.0,0.0,6.396169754459185e-33,0.9999958187646208,0.8035005921431385,plain
aff15_wu_m512_seed4,15.0,15,8.0,0.0,0.0,,,,,,,,empty,,d0:0.11 d3:0.31 d5:0.58,0.9663077988885225,0.10912687301465143,0.0,0.0,0.0,0.27391462918284604,0.29885641418670167,0.36769218147793553,neither
aff15_wu_m512_seed4,15.0,5,4.0,196.0,0.5816388660884741,0.9999972023550148,1.395679545788812e-07,0.0,0.999993634892357,0.7742593861307835,l:0.50 r:0.50,l:0.50 r:0.50,plain,2:0.00 4:1.00,,,26519.068866192334,1.0,0.0,0.0,0.9999974800923007,0.7084500486038575,0.7743073721334427,plain
aff15_wu_m512_seed4,,5β,,,,,,,,,,,,,,,0.02753614535747277,0.0,0.0,0.08233117837631479,2.1228410736409262e-26,0.5449538890005995,0.7143954003067908,neither
aff15_wu_m512_seed5,15.0,15,8.0,0.0,0.0,,,,,,,,empty,,d0:0.71 d3:0.29,0.9517397263348678,0.18697565047870585,0.0,0.0,0.0,0.2660991276790432,0.2889891765390571,0.3624686035676917,neither
aff15_wu_m512_seed5,15.0,5,4.0,0.0,0.0,,,,,,,,empty,,,,0.03366469023673657,0.0,0.0,0.0,0.5533229382555493,0.4888264740450775,0.7319175832538427,neither
aff15_wu_m512_seed5,,5β,,,,,,,,,,,,,,,31838.145343442076,0.0,1.0,0.0,5.644562997052713e-33,0.9999967426540575,0.6179573572657544,plain
aff16_wu_m128_seed1,16.0,16,8.0,178.0,0.40963525884439955,1.0,0.0,0.0,0.9999816633074889,0.34327043838941845,l:0.50 r:0.50,l:0.50 r:0.50,plain,8:1.00,d0:0.28 d2:0.07 d4:0.03 d8:0.20 d16:0.41,0.8653832648735654,19214.555870838805,0.9998782165689002,0.9998782165689002,0.0,0.9999325219168125,0.9999463915274353,0.34355152068104855,plain
aff16_wu_m128_seed1,16.0,8,4.0,30.0,0.2035067420216173,0.2948128455864957,1.0,0.2948128455864957,0.8499538761617205,0.9990033643689298,l:0.50 r:0.50,l:0.50 r:0.50,twist,2:0.50 4:0.50,,,9517.620135016276,0.2958050653903151,0.6737972371499844,1.0,0.7483963929335482,0.937154072751988,0.999902543062459,both
aff16_wu_m128_seed1,,8β,,,,,,,,,,,,,,,0.13190932625957025,0.0,0.0,0.00033002438243399,1.4386553052830261e-25,0.3401932549161999,0.597139783795403,neither
aff16_wu_m128_seed2,16.0,16,8.0,170.0,0.38530868729265827,0.0,0.0,0.0,0.31998124783375387,0.513587513314173,l:0.50 r:0.50,l:0.50 r:0.50,neither,4:0.49 8:0.51,d0:0.26 d2:0.05 d4:0.17 d8:0.14 d16:0.39,0.8635257223439816,18150.405681406908,0.0,0.0,0.0,0.3209503070370533,0.3894492427587871,0.5138850542983752,neither
aff16_wu_m128_seed2,16.0,8,4.0,22.0,0.139248213247418,0.0,0.0,0.0,0.5471708003277111,0.8505609285845669,l:0.50 r:0.50,l:0.50 r:0.50,neither,4:1.00,,,6550.698567680276,0.0,0.9994372601612529,0.0,0.5475382579666886,0.9962920086521473,0.8529366519545706,plain
aff16_wu_m128_seed2,,8β,,,,,,,,,,,,,,,6.197834888910018,0.0,0.0,0.02706507263951416,3.620442644110189e-27,0.3537749520227896,0.725877705035574,neither
aff16_wu_m128_seed3,16.0,16,8.0,188.0,0.5345600929864754,0.7399306417974308,0.0,0.0,0.9999819903585184,0.6453028819638555,l:0.51 r:0.49,l:0.49 r:0.51,plain,4:0.50 8:0.50,d0:0.38 d4:0.09 d16:0.53,0.919758392654377,26995.77564810151,0.7400349648492753,0.9739597409996805,0.0,0.8692769049102022,0.9862767211017179,0.6452983218320921,plain
aff16_wu_m128_seed3,16.0,8,4.0,0.0,0.0,,,,,,,,empty,,,,0.3299470988227329,0.0,0.0,0.009382081359014931,0.4317508489488191,0.46944080104190183,0.566109085484118,neither
aff16_wu_m128_seed3,,8β,,,,,,,,,,,,,,,3623.6775007524684,0.0,0.0,0.0,8.37726709252493e-32,0.4999216157814391,0.8532953920036479,neither
aff16_wu_m128_seed4,16.0,16,8.0,170.0,0.36538799459749444,0.0,0.0,0.0,0.5125273987034358,0.5180274014520803,l:0.50 r:0.50,l:0.50 r:0.50,neither,8:1.00,d0:0.57 d2:0.05 d4:0.02 d16:0.37,0.839072198793162,15907.923235936769,0.0,0.0,0.0,0.5003138228503516,0.5011069883279766,0.5308465309096875,neither
aff16_wu_m128_seed4,16.0,8,4.0,0.0,0.0,,,,,,,,empty,,,,0.4478560747627277,0.0,0.0,0.0029073338140477327,0.3869406929771011,0.40749500666751826,0.5900443419582537,neither
aff16_wu_m128_seed4,,8β,,,,,,,,,,,,,,,6706.137706147996,0.0,0.0,1.019432817211228e-05,4.79308830902316e-33,0.4944190236124384,0.8274439383273875,neither
aff16_wu_m128_seed5,16.0,16,8.0,180.0,0.4183076945409829,1.0,0.0,0.0,0.9908273756890682,0.5908805643264192,l:0.50 r:0.50,l:0.50 r:0.50,plain,8:1.00,d0:0.52 d2:0.07 d16:0.42,0.8756764782204385,18305.30076789049,0.9994312582569346,0.9994312582569346,0.0,0.9903820148444517,0.9903827849936407,0.6250405531738441,plain
aff16_wu_m128_seed5,16.0,8,4.0,0.0,0.0,,,,,,,,empty,,,,2.601339416208088,0.0,0.0,0.00042044922138635823,0.3359025813833113,0.33747284572324837,0.5114344394629738,neither
aff16_wu_m128_seed5,,8β,,,,,,,,,,,,,,,6095.358108397775,0.0,0.0,0.0,3.7088511252895335e-33,0.49987942483540226,0.8530461833164413,neither
aff21_wu_m128_seed1,21.0,21,12.0,0.0,0.0,,,,,,,,empty,,d0:0.40 d3:0.04 d7:0.56,0.7822129883268224,0.7785873276790474,0.0,0.0,0.0,0.1876544955242316,0.23216257691041683,0.25473939047047106,neither
aff21_wu_m128_seed1,21.0,7,6.0,145.0,0.5564111607294946,0.9999999993359358,0.0,0.0,0.9999908178088968,0.5645123651673796,l:0.50 r:0.50,l:0.50 r:0.50,plain,6:1.00,,,76702.73054128537,1.0,0.0,0.0,0.9999971274194602,0.7891623617014953,0.5645368525943198,plain
aff21_wu_m128_seed1,,7β,,,,,,,,,,,,,,,0.22641668172868545,0.0,0.0,0.0,3.8079859621934218e-25,0.38346339699990656,0.5158597988740629,neither
aff21_wu_m128_seed2,21.0,21,12.0,0.0,0.0,,,,,,,,empty,,d0:0.22 d3:0.26 d7:0.52,0.9188972907212317,0.5409360916201327,0.0,0.0,0.0,0.15873948383207928,0.18055099140530553,0.25243765621866765,neither
aff21_wu_m128_seed2,21.0,7,6.0,149.0,0.5178227117003811,0.9999999158678825,0.0,0.0,0.9999911638969393,0.4626501539149732,l:0.50 r:0.50,l:0.50 r:0.50,plain,6:1.00,,,77887.33313264769,1.0,0.0,0.0,0.9999967416332114,0.7896167310445652,0.46269204851539997,plain
aff21_wu_m128_seed2,,7β,,,,,,,,,,,,,,,0.14322325906243355,0.0,0.0,0.0,2.2420249512566087e-24,0.3706897920225728,0.4738611785860867,neither
aff21_wu_m128_seed3,21.0,21,12.0,0.0,0.0,,,,,,,,empty,,d0:0.17 d3:0.22 d7:0.61,0.8908877683282778,0.540173395848554,0.0,0.0,0.0,0.17357210462291667,0.19084939925972458,0.2458243488655815,neither
aff21_wu_m128_seed3,21.0,7,6.0,120.0,0.6104787507866842,0.9987726239639055,0.9999997303819422,0.9987726239639055,0.9999912432804668,0.9060189670578573,l:0.50 r:0.50,l:0.50 r:0.50,both,2:0.50 6:0.50,,,90824.12423345455,0.9987741187819539,0.000286519466456452,1.0,0.9993196016985983,0.42497541923970583,0.9060906295241588,both
aff21_wu_m128_seed3,,7β,,,,,,,,,,,,,,,0.17021384416377977,0.0,0.0,0.0,1.648733718946722e-24,0.3880048652347067,0.5344849437344195,neither
aff21_wu_m128_seed4,21.0,21,12.0,0.0,0.0,,,,,,,,empty,,d0:0.74 d3:0.26,0.8231202952106343,0.6451437276327863,0.0,0.0,0.0,0.1643144436409208,0.1810593301178513,0.24637842809311383,neither
aff21_wu_m128_seed4,21.0,7,6.0,0.0,0.0,,,,,,,,empty,,,,0.1772647097539269,0.0,0.0,0.0,0.34411984640724813,0.3358386780364998,0.46749085437559845,neither
aff21_wu_m128_seed4,,7β,,,,,,,,,,,,,,,67090.0567338473,0.0,1.0,0.013037444238688248,8.097153235368738e-33,0.9864139832801601,0.583428582710451,plain
aff21_wu_m128_seed5,21.0,21,12.0,0.0,0.0,,,,,,,,empty,,d0:0.84 d3:0.11 d7:0.04,0.783836124232919,5.079982234589611,0.0,0.0,0.0,0.1647313171112399,0.17129943639981357,0.25153038634336755,neither
aff21_wu_m128_seed5,21.0,7,6.0,26.0,0.04344375348278081,1.0,0.0,0.0,0.9999830989631187,0.4369252914117444,l:0.50 r:0.50,l:0.50 r:0.50,plain,6:1.00,,,6393.145531597169,0.999844766463122,0.0,0.0,0.9998973305282614,0.4851857942437262,0.43700070443520117,plain
aff21_wu_m128_seed5,,7β,,,,,,,,,,,,,,,78820.60129332491,0.0,0.17233496684712934,0.8125612809512651,1.7649852086900033e-32,0.6551655664371597,0.8587467090064551,twist
