run,n,block,side,neuron,energy,e_block,r1,rank,stab_u,ord_u,stab_v,ord_v
aff13_wu100k_m256_seed1,13,13,x,0,220.47151717824133,0.999999576797389,0.9999972778234768,1,1,1,M,12
aff13_wu100k_m256_seed1,13,13,x,1,0.0002932444570992098,0.9224332448698619,0.9999880527015348,1,1,1,1,1
aff13_wu100k_m256_seed1,13,13,x,2,107.66398189889355,0.9999995125118787,0.999997750865058,1,1,1,M,12
aff13_wu100k_m256_seed1,13,13,x,3,0.0007102630658901109,0.9115066264873082,0.9999911781936335,1,1,1,1,1
aff13_wu100k_m256_seed1,13,13,x,4,126.3103701151857,0.9999997421225393,0.9999978200735048,1,1,1,M,12
aff13_wu100k_m256_seed1,13,13,x,5,241.0269760128622,0.9999997052875516,0.9999981400036625,1,1,1,M,12
aff13_wu100k_m256_seed1,13,13,x,6,255.3580010873965,0.9999991299271044,0.9999962074405937,1,1,1,M,12
aff13_wu100k_m256_seed1,13,13,x,7,238.47338586646316,0.9999994008384981,0.9999981710866284,1,1,1,M,12
aff13_wu100k_m256_seed1,13,13,x,8,100.59804121089807,0.9999986480021084,0.9999981027290852,1,1,1,M,12
aff13_wu100k_m256_seed1,13,13,x,9,0.0008051360739805202,0.985781104323903,0.999991745981126,1,1,1,1,1
aff13_wu100k_m256_seed1,13,13,x,11,230.46803234878806,0.9999994640954618,0.9999971329038173,1,1,1,M,12
aff13_wu100k_m256_seed1,13,13,x,12,219.48740814488374,0.999999877816102,0.9999976838920597,1,1,1,M,12
aff13_wu100k_m256_seed1,13,13,x,13,265.342848774858,0.9999990042592329,0.999997035848257,1,1,1,M,12
aff13_wu100k_m256_seed1,13,13,x,14,255.96443780325197,0.9999995965208462,0.9999976816990035,1,1,1,M,12
aff13_wu100k_m256_seed1,13,13,x,15,217.42894566308837,0.9999993889652762,0.9999977643665214,1,1,1,M,12
aff13_wu100k_m256_seed1,13,13,x,16,108.37047035924988,0.9999995331258673,0.9999970346151787,1,1,1,M,12
aff13_wu100k_m256_seed1,13,13,x,17,229.21719663863678,0.9999992061457567,0.9999973145404846,1,1,1,M,12
aff13_wu100k_m256_seed1,13,13,x,18,90.68405242977896,0.9999993918776455,0.9999981287777389,1,1,1,M,12
aff13_wu100k_m256_seed1,13,13,x,19,89.31422313748762,0.9999986656732958,0.999998168604557,1,1,1,M,12
aff13_wu100k_m256_seed1,13,13,x,21,132.37496205909537,0.9999996862660733,0.9999976439695621,1,1,1,M,12
aff13_wu100k_m256_seed1,13,13,x,22,257.1247352877098,0.9999993990284559,0.9999978378341975,1,1,1,M,12
aff13_wu100k_m256_seed1,13,13,x,23,226.0718250023197,0.9999996895466722,0.9999972611687303,1,1,1,M,12
aff13_wu100k_m256_seed1,13,13,x,24,225.33442613482512,0.9999988265686239,0.9999976588297798,1,1,1,M,12
aff13_wu100k_m256_seed1,13,13,x,26,214.1717591355427,0.9999997600135371,0.9999972643498548,1,1,1,M,12
aff13_wu100k_m256_seed1,13,13,x,28,99.06538925475098,0.9999991599517931,0.9999972879034751,1,1,1,M,12
aff13_wu100k_m256_seed1,13,13,x,30,0.0002457405658673494,0.9733929181888161,0.9999769514251404,1,1,1,1,1
aff13_wu100k_m256_seed1,13,13,x,31,213.28429404769867,0.9999992509713693,0.9999977951136,1,1,1,M,12
aff13_wu100k_m256_seed1,13,13,x,32,262.09315591347877,0.999999527912643,0.9999977158860481,1,1,1,M,12
aff13_wu100k_m256_seed1,13,13,x,33,225.7938379993333,0.9999996164123426,0.9999981809168833,1,1,1,M,12
aff13_wu100k_m256_seed1,13,13,x,34,218.14304175119906,0.9999997097157997,0.9999976672912857,1,1,1,M,12
aff13_wu100k_m256_seed1,13,13,x,35,224.26469197898538,0.9999997903394134,0.9999976283574855,1,1,1,M,12
aff13_wu100k_m256_seed1,13,13,x,36,221.7506022763296,0.9999997379945937,0.9999973080660255,1,1,1,M,12
aff13_wu100k_m256_seed1,13,13,x,38,106.99088693712879,0.9999985080561429,0.9999977130179402,1,1,1,M,12
aff13_wu100k_m256_seed1,13,13,x,39,218.74437587522277,0.9999996407881278,0.9999977152427508,1,1,1,M,12
aff13_wu100k_m256_seed1,13,13,x,40,97.5304867657812,0.9999987353724322,0.9999976659676034,1,1,1,M,12
aff13_wu100k_m256_seed1,13,13,x,41,260.22536642405527,0.9999998017601164,0.9999976169782983,1,1,1,M,12
aff13_wu100k_m256_seed1,13,13,x,42,111.28693662974473,0.9999991848410681,0.9999976641091155,1,1,1,M,12
aff13_wu100k_m256_seed1,13,13,x,43,106.27257850554352,0.9999996067039338,0.999997732241578,1,1,1,M,12
aff13_wu100k_m256_seed1,13,13,x,44,256.86872046456733,0.9999997802432102,0.9999981791315858,1,1,1,M,12
aff13_wu100k_m256_seed1,13,13,x,45,113.01504335489362,0.9999993265934044,0.9999975925169291,1,1,1,M,12
aff13_wu100k_m256_seed1,13,13,x,46,219.64843599169268,0.9999993735570377,0.9999976379286545,1,1,1,M,12
aff13_wu100k_m256_seed1,13,13,x,47,215.8905325155348,0.9999994533287627,0.9999981122033799,1,1,1,M,12
aff13_wu100k_m256_seed1,13,13,x,49,212.9531123084872,0.9999997409470818,0.9999981766373651,1,1,1,M,12
aff13_wu100k_m256_seed1,13,13,x,50,228.10621193866035,0.9999995515167664,0.9999963095005142,1,1,1,M,12
aff13_wu100k_m256_seed1,13,13,x,51,257.85789648423236,0.9999991483606769,0.9999981785705263,1,1,1,M,12
aff13_wu100k_m256_seed1,13,13,x,53,97.50986155962148,0.9999973453270388,0.9999977985492914,1,1,1,M,12
aff13_wu100k_m256_seed1,13,13,x,54,221.72693715264398,0.999999170075431,0.9999976476192587,1,1,1,M,12
aff13_wu100k_m256_seed1,13,13,x,55,104.9557378109446,0.9999996737456552,0.9999982278354209,1,1,1,M,12
aff13_wu100k_m256_seed1,13,13,x,56,99.00156613800911,0.9999996813517774,0.999997660515461,1,1,1,M,12
aff13_wu100k_m256_seed1,13,13,x,57,95.04180177841693,0.9999989987920446,0.9999976585434474,1,1,1,M,12
aff13_wu100k_m256_seed1,13,13,x,58,220.66525823196986,0.9999994585930955,0.9999976517504614,1,1,1,M,12
aff13_wu100k_m256_seed1,13,13,x,59,0.00025516122193721465,0.9613776881115793,0.9999788621931879,1,1,1,1,1
aff13_wu100k_m256_seed1,13,13,x,60,128.95438290700338,0.9999996264855425,0.9999976453893128,1,1,1,M,12
aff13_wu100k_m256_seed1,13,13,x,61,219.82415170024927,0.9999995155251122,0.999996282324689,1,1,1,M,12
aff13_wu100k_m256_seed1,13,13,x,62,264.8225803836937,0.9999995011671139,0.9999972811168243,1,1,1,M,12
aff13_wu100k_m256_seed1,13,13,x,63,110.41810755207375,0.9999987655424516,0.9999971361607616,1,1,1,M,12
aff13_wu100k_m256_seed1,13,13,x,64,114.43375206998572,0.9999986021228384,0.9999971494092844,1,1,1,M,12
aff13_wu100k_m256_seed1,13,13,x,65,251.74960117789624,0.9999997795487668,0.9999973514833419,1,1,1,M,12
aff13_wu100k_m256_seed1,13,13,x,66,223.542574520859,0.9999985853129569,0.9999982625146075,1,1,1,M,12
aff13_wu100k_m256_seed1,13,13,x,67,87.5003260944509,0.999998701711875,0.9999977309672099,1,1,1,M,12
aff13_wu100k_m256_seed1,13,13,x,68,0.0004248298056818373,0.9560707523825278,0.9999857133956157,1,1,1,1,1
aff13_wu100k_m256_seed1,13,13,x,69,253.11092595257227,0.9999990954847967,0.9999979454225715,1,1,1,M,12
aff13_wu100k_m256_seed1,13,13,x,70,271.5145176246261,0.9999992104897261,0.9999970672245567,1,1,1,M,12
aff13_wu100k_m256_seed1,13,13,x,71,229.20454599020263,0.9999985171922251,0.9999976447393848,1,1,1,M,12
aff13_wu100k_m256_seed1,13,13,x,73,226.40012602579313,0.9999989595507538,0.9999963528687161,1,1,1,M,12
aff13_wu100k_m256_seed1,13,13,x,74,229.43051072366978,0.999999497244258,0.9999963581855825,1,1,1,M,12
aff13_wu100k_m256_seed1,13,13,x,75,102.64501282434733,0.99999899886712,0.9999963903098128,1,1,1,M,12
aff13_wu100k_m256_seed1,13,13,x,77,113.52272590783568,0.9999996412350269,0.9999976373035154,1,1,1,M,12
aff13_wu100k_m256_seed1,13,13,x,78,219.54813596383215,0.999999576697327,0.9999975931275129,1,1,1,M,12
aff13_wu100k_m256_seed1,13,13,x,79,245.26888609392438,0.9999998485958371,0.999997640691204,1,1,1,M,12
aff13_wu100k_m256_seed1,13,13,x,80,117.3596107285476,0.999999195158515,0.9999976874638995,1,1,1,M,12
aff13_wu100k_m256_seed1,13,13,x,81,0.00026427244341678394,0.9054641600760502,0.9999589280275696,1,1,1,1,1
aff13_wu100k_m256_seed1,13,13,x,83,105.03904918168553,0.9999994949280674,0.9999976664463551,1,1,1,M,12
aff13_wu100k_m256_seed1,13,13,x,85,102.30768947392288,0.9999995851182084,0.999997306526335,1,1,1,M,12
aff13_wu100k_m256_seed1,13,13,x,86,249.636229656313,0.9999998092468312,0.9999976368783945,1,1,1,M,12
aff13_wu100k_m256_seed1,13,13,x,87,224.8867547176173,0.9999994468260808,0.9999963880978641,1,1,1,M,12
aff13_wu100k_m256_seed1,13,13,x,88,0.00044226109171302075,0.9154846408772255,0.9999816700764809,1,1,1,1,1
aff13_wu100k_m256_seed1,13,13,x,89,223.296782233585,0.9999996437516019,0.9999977055786493,1,1,1,M,12
aff13_wu100k_m256_seed1,13,13,x,90,113.03083713637746,0.9999992716753395,0.9999976916320412,1,1,1,M,12
aff13_wu100k_m256_seed1,13,13,x,91,105.32768750835538,0.9999994084601309,0.9999962992166601,1,1,1,M,12
aff13_wu100k_m256_seed1,13,13,x,92,0.0006806530974537514,0.977618162853513,0.9999863529420124,1,1,1,1,1
aff13_wu100k_m256_seed1,13,13,x,93,237.83296958572444,0.9999997715649175,0.9999982404451816,1,1,1,M,12
aff13_wu100k_m256_seed1,13,13,x,94,101.00049390222075,0.9999992603970362,0.999998146002126,1,1,1,M,12
aff13_wu100k_m256_seed1,13,13,x,95,0.0004970016364123531,0.9426474099301888,0.9999902174751112,1,1,1,1,1
aff13_wu100k_m256_seed1,13,13,x,96,234.58385426708264,0.999999488048914,0.9999976993856484,1,1,1,M,12
aff13_wu100k_m256_seed1,13,13,x,97,254.9371126601399,0.9999992715540578,0.9999973051495604,1,1,1,M,12
aff13_wu100k_m256_seed1,13,13,x,98,218.68292916466416,0.9999995254000441,0.9999977075156632,1,1,1,M,12
aff13_wu100k_m256_seed1,13,13,x,99,107.6783880655385,0.9999994189309527,0.999997870791894,1,1,1,M,12
aff13_wu100k_m256_seed1,13,13,x,100,122.18283055490866,0.9999996696760771,0.9999976775654599,1,1,1,M,12
aff13_wu100k_m256_seed1,13,13,x,101,114.27709164051711,0.9999975970184783,0.999996330720401,1,1,1,M,12
aff13_wu100k_m256_seed1,13,13,x,102,103.95458817997698,0.9999989084776011,0.9999981165746935,1,1,1,M,12
aff13_wu100k_m256_seed1,13,13,x,103,0.0001784876565596843,0.9523600580876425,0.9999641980166817,1,1,1,1,1
aff13_wu100k_m256_seed1,13,13,x,104,227.35120454254536,0.999998851630325,0.9999978569208048,1,1,1,M,12
aff13_wu100k_m256_seed1,13,13,x,105,105.0537137911445,0.9999993932219723,0.9999972335298054,1,1,1,M,12
aff13_wu100k_m256_seed1,13,13,x,106,208.35476404435244,0.9999989781795426,0.999997696619986,1,1,1,M,12
aff13_wu100k_m256_seed1,13,13,x,107,116.19262730545123,0.999999596127013,0.999997821577683,1,1,1,M,12
aff13_wu100k_m256_seed1,13,13,x,108,249.67489225570313,0.9999994928528393,0.999997318514844,1,1,1,M,12
aff13_wu100k_m256_seed1,13,13,x,109,246.1683570205667,0.9999991031355893,0.9999972728706716,1,1,1,M,12
aff13_wu100k_m256_seed1,13,13,x,110,112.86512302125008,0.9999993408431769,0.9999982532249256,1,1,1,M,12
aff13_wu100k_m256_seed1,13,13,x,111,223.68207165510907,0.9999991936837305,0.9999970777716689,1,1,1,M,12
aff13_wu100k_m256_seed1,13,13,x,112,219.62066407609518,0.9999995602248586,0.9999971556676605,1,1,1,M,12
aff13_wu100k_m256_seed1,13,13,x,113,109.49282429760811,0.9999973662841088,0.9999972089822977,1,1,1,M,12
aff13_wu100k_m256_seed1,13,13,x,114,222.09089831068593,0.9999987580883741,0.9999962350792005,1,1,1,M,12
aff13_wu100k_m256_seed1,13,13,x,115,0.0007740917405804128,0.9331470027587299,0.99999337098545,1,1,1,1,1
aff13_wu100k_m256_seed1,13,13,x,116,0.000520608256347694,0.9729262771127903,0.9999834613794754,1,1,1,1,1
aff13_wu100k_m256_seed1,13,13,x,118,215.29913560798474,0.9999991040262444,0.9999970444704431,1,1,1,M,12
aff13_wu100k_m256_seed1,13,13,x,119,0.00040819798166385926,0.9808164887197551,0.9999803081271663,1,1,1,1,1
aff13_wu100k_m256_seed1,13,13,x,120,228.10893977090714,0.9999997576882176,0.9999973939881664,1,1,1,M,12
aff13_wu100k_m256_seed1,13,13,x,121,223.34459300360936,0.9999995113212781,0.9999970197937266,1,1,1,M,12
aff13_wu100k_m256_seed1,13,13,x,123,226.007784744997,0.9999993614096097,0.9999982097858016,1,1,1,M,12
aff13_wu100k_m256_seed1,13,13,x,124,252.55310995269744,0.9999998268026451,0.9999975876721282,1,1,1,M,12
aff13_wu100k_m256_seed1,13,13,x,125,227.4343640583458,0.999999643792179,0.999998203078011,1,1,1,M,12
aff13_wu100k_m256_seed1,13,13,x,126,123.61591314365458,0.9999991871778228,0.9999976783794919,1,1,1,M,12
aff13_wu100k_m256_seed1,13,13,x,127,99.64770827485549,0.9999996226417422,0.9999973160216311,1,1,1,M,12
aff13_wu100k_m256_seed1,13,13,x,129,98.46278217156446,0.9999998291657298,0.9999982281849421,1,1,1,M,12
aff13_wu100k_m256_seed1,13,13,x,130,98.15340270302634,0.9999991171761166,0.9999963503004955,1,1,1,M,12
aff13_wu100k_m256_seed1,13,13,x,131,223.74126057456175,0.9999996820955704,0.9999977810110219,1,1,1,M,12
aff13_wu100k_m256_seed1,13,13,x,132,104.6910130617514,0.9999992341099726,0.9999975975561191,1,1,1,M,12
aff13_wu100k_m256_seed1,13,13,x,133,89.54851124231216,0.9999979686505863,0.9999973767091316,1,1,1,M,12
aff13_wu100k_m256_seed1,13,13,x,136,226.42253713224707,0.9999997755527041,0.9999976698061777,1,1,1,M,12
aff13_wu100k_m256_seed1,13,13,x,137,216.59551939424452,0.9999992696650235,0.9999981740565036,1,1,1,M,12
aff13_wu100k_m256_seed1,13,13,x,138,219.46657295811963,0.9999997186996248,0.9999977522283123,1,1,1,M,12
aff13_wu100k_m256_seed1,13,13,x,139,222.27108469975133,0.9999994116423992,0.9999976266673918,1,1,1,M,12
aff13_wu100k_m256_seed1,13,13,x,140,0.0002885578134712591,0.9277819840516087,0.9999858895647699,1,1,1,1,1
aff13_wu100k_m256_seed1,13,13,x,141,0.0005573618999103092,0.9514736144581689,0.9999911512528458,1,1,1,1,1
aff13_wu100k_m256_seed1,13,13,x,142,97.43688281613774,0.9999978416941124,0.9999975649780594,1,1,1,M,12
aff13_wu100k_m256_seed1,13,13,x,144,222.73292313871355,0.9999997416688033,0.9999978037910826,1,1,1,M,12
aff13_wu100k_m256_seed1,13,13,x,145,232.6629221870112,0.9999993117878629,0.9999976669284908,1,1,1,M,12
aff13_wu100k_m256_seed1,13,13,x,146,235.0966326472762,0.9999996361102996,0.9999971626506396,1,1,1,M,12
aff13_wu100k_m256_seed1,13,13,x,147,0.0003089963793117574,0.9009699810786937,0.9999751541510569,1,1,1,1,1
aff13_wu100k_m256_seed1,13,13,x,148,210.02785129951386,0.9999994707016787,0.9999977940385254,1,1,1,M,12
aff13_wu100k_m256_seed1,13,13,x,149,107.88426705593142,0.999999334812737,0.9999978010102567,1,1,1,M,12
aff13_wu100k_m256_seed1,13,13,x,150,251.00723228855543,0.9999996066823209,0.9999977496266195,1,1,1,M,12
aff13_wu100k_m256_seed1,13,13,x,151,255.3211447048958,0.9999995434055556,0.9999980856897833,1,1,1,M,12
aff13_wu100k_m256_seed1,13,13,x,152,117.96232585316696,0.9999992388622594,0.9999977934965752,1,1,1,M,12
aff13_wu100k_m256_seed1,13,13,x,153,100.83904270750769,0.9999987904987557,0.9999973180906525,1,1,1,M,12
aff13_wu100k_m256_seed1,13,13,x,154,228.5809317732603,0.999999649877028,0.9999971527942091,1,1,1,M,12
aff13_wu100k_m256_seed1,13,13,x,156,116.42387774106878,0.9999980985158224,0.9999981607231757,1,1,1,M,12
aff13_wu100k_m256_seed1,13,13,x,157,108.89292671469254,0.9999990141698006,0.9999977551966838,1,1,1,M,12
aff13_wu100k_m256_seed1,13,13,x,158,109.15796921416899,0.9999994152826176,0.9999976194481169,1,1,1,M,12
aff13_wu100k_m256_seed1,13,13,x,159,261.4127300171234,0.999998581998563,0.9999977244365587,1,1,1,M,12
aff13_wu100k_m256_seed1,13,13,x,160,221.25516075339766,0.9999998525011462,0.9999976975204964,1,1,1,M,12
aff13_wu100k_m256_seed1,13,13,x,161,231.26935915539065,0.9999994792594661,0.9999976742816821,1,1,1,M,12
aff13_wu100k_m256_seed1,13,13,x,162,125.64633977146809,0.9999994252265214,0.999997637575322,1,1,1,M,12
aff13_wu100k_m256_seed1,13,13,x,164,226.40918556636626,0.9999994677961508,0.9999973630336805,1,1,1,M,12
aff13_wu100k_m256_seed1,13,13,x,165,118.40761553500712,0.9999996562169025,0.9999981885237693,1,1,1,M,12
aff13_wu100k_m256_seed1,13,13,x,166,103.15916727254046,0.9999990652241887,0.9999973019888048,1,1,1,M,12
aff13_wu100k_m256_seed1,13,13,x,167,257.7070001002496,0.9999994537478872,0.9999963379121727,1,1,1,M,12
aff13_wu100k_m256_seed1,13,13,x,168,122.0619261937549,0.9999996981991436,0.9999978344036765,1,1,1,M,12
aff13_wu100k_m256_seed1,13,13,x,169,219.89291152485208,0.9999997649415254,0.9999982760867844,1,1,1,M,12
aff13_wu100k_m256_seed1,13,13,x,170,230.75254385644956,0.999999602409735,0.9999977266560869,1,1,1,M,12
aff13_wu100k_m256_seed1,13,13,x,171,121.00535038654269,0.9999983396900977,0.9999963425188846,1,1,1,M,12
aff13_wu100k_m256_seed1,13,13,x,172,125.62153008659972,0.9999991557355157,0.9999969476656764,1,1,1,M,12
aff13_wu100k_m256_seed1,13,13,x,173,107.91269534204639,0.9999995786523949,0.9999982139169143,1,1,1,M,12
aff13_wu100k_m256_seed1,13,13,x,174,253.75553904902688,0.9999996618099993,0.9999976805057681,1,1,1,M,12
aff13_wu100k_m256_seed1,13,13,x,175,220.70255070094942,0.9999990097076321,0.999998179981365,1,1,1,M,12
aff13_wu100k_m256_seed1,13,13,x,176,124.61943824748158,0.9999996429612616,0.9999976937940537,1,1,1,M,12
aff13_wu100k_m256_seed1,13,13,x,177,209.57980894104392,0.999999498067291,0.9999973304640682,1,1,1,M,12
aff13_wu100k_m256_seed1,13,13,x,178,101.86399768872582,0.9999992814265012,0.9999973650120507,1,1,1,M,12
aff13_wu100k_m256_seed1,13,13,x,180,220.08696668820514,0.9999988331359895,0.9999976905267721,1,1,1,M,12
aff13_wu100k_m256_seed1,13,13,x,181,227.4812409550804,0.999999253574095,0.9999970691050147,1,1,1,M,12
aff13_wu100k_m256_seed1,13,13,x,182,110.64318042522537,0.9999994781943446,0.9999977036139222,1,1,1,M,12
aff13_wu100k_m256_seed1,13,13,x,183,266.182195614653,0.9999995973848768,0.9999981178308329,1,1,1,M,12
aff13_wu100k_m256_seed1,13,13,x,184,266.17193305667865,0.9999995908594002,0.9999973672666836,1,1,1,M,12
aff13_wu100k_m256_seed1,13,13,x,185,0.0006345768950169257,0.9642863256774026,0.9999859057077924,1,1,1,1,1
aff13_wu100k_m256_seed1,13,13,x,186,227.81904310840892,0.9999993398390482,0.9999975971471651,1,1,1,M,12
aff13_wu100k_m256_seed1,13,13,x,187,215.39812012448323,0.9999989015970924,0.9999973020139226,1,1,1,M,12
aff13_wu100k_m256_seed1,13,13,x,188,224.64173078683385,0.9999996693239454,0.9999978236921199,1,1,1,M,12
aff13_wu100k_m256_seed1,13,13,x,189,124.02542458603496,0.9999975103957344,0.9999970812822181,1,1,1,M,12
aff13_wu100k_m256_seed1,13,13,x,190,214.50375886755464,0.9999992001554696,0.9999976891595616,1,1,1,M,12
aff13_wu100k_m256_seed1,13,13,x,191,223.164765917533,0.9999992543763302,0.9999977609105318,1,1,1,M,12
aff13_wu100k_m256_seed1,13,13,x,192,104.51521146099469,0.9999985845337057,0.9999975835385606,1,1,1,M,12
aff13_wu100k_m256_seed1,13,13,x,194,224.11645799239352,0.9999996591263292,0.9999963241407811,1,1,1,M,12
aff13_wu100k_m256_seed1,13,13,x,195,0.00010284106093579063,0.904989063215764,0.9999550657908853,1,1,1,1,1
aff13_wu100k_m256_seed1,13,13,x,196,112.48163996204424,0.9999996397456514,0.9999976997984202,1,1,1,M,12
aff13_wu100k_m256_seed1,13,13,x,197,102.85422195401325,0.9999971745452765,0.9999973047961634,1,1,1,M,12
aff13_wu100k_m256_seed1,13,13,x,198,252.07656023923775,0.9999996757922656,0.9999977211958773,1,1,1,M,12
aff13_wu100k_m256_seed1,13,13,x,199,225.82856195535302,0.999999826732765,0.9999973036154322,1,1,1,M,12
aff13_wu100k_m256_seed1,13,13,x,200,116.44893521732978,0.9999991401224616,0.9999963024334171,1,1,1,M,12
aff13_wu100k_m256_seed1,13,13,x,201,123.1335714920518,0.9999977350317186,0.9999977445390243,1,1,1,M,12
aff13_wu100k_m256_seed1,13,13,x,204,218.18767184021758,0.9999998014166542,0.9999976360257055,1,1,1,M,12
aff13_wu100k_m256_seed1,13,13,x,205,252.21812669490112,0.9999993536554319,0.9999977245932036,1,1,1,M,12
aff13_wu100k_m256_seed1,13,13,x,206,116.55853801386327,0.9999990122036515,0.9999970412062693,1,1,1,M,12
aff13_wu100k_m256_seed1,13,13,x,207,241.11290095372584,0.9999993541676826,0.9999973087942846,1,1,1,M,12
aff13_wu100k_m256_seed1,13,13,x,208,108.86027685145696,0.999999752266649,0.9999976255382563,1,1,1,M,12
aff13_wu100k_m256_seed1,13,13,x,209,116.758684563174,0.9999992732305849,0.9999976937518359,1,1,1,M,12
aff13_wu100k_m256_seed1,13,13,x,210,106.0002892243963,0.999999075423302,0.9999978439697691,1,1,1,M,12
aff13_wu100k_m256_seed1,13,13,x,211,244.31841798853966,0.9999997487203163,0.9999972712078754,1,1,1,M,12
aff13_wu100k_m256_seed1,13,13,x,212,110.29554729414043,0.9999978638616338,0.9999962730288845,1,1,1,M,12
aff13_wu100k_m256_seed1,13,13,x,213,227.62636947721117,0.9999992244029167,0.9999982027851073,1,1,1,M,12
aff13_wu100k_m256_seed1,13,13,x,214,270.96407147958695,0.999999737044265,0.9999982177425839,1,1,1,M,12
aff13_wu100k_m256_seed1,13,13,x,215,227.72166046132094,0.9999994977551507,0.9999976284744283,1,1,1,M,12
aff13_wu100k_m256_seed1,13,13,x,216,0.00013856283232685707,0.9358495072660084,0.9999694003775382,1,1,1,1,1
aff13_wu100k_m256_seed1,13,13,x,217,223.31816923893157,0.9999995076522374,0.9999981043158577,1,1,1,M,12
aff13_wu100k_m256_seed1,13,13,x,218,226.63593173288982,0.9999993190468747,0.9999976513729366,1,1,1,M,12
aff13_wu100k_m256_seed1,13,13,x,220,220.60577452924883,0.9999991805322407,0.9999981392026157,1,1,1,M,12
aff13_wu100k_m256_seed1,13,13,x,221,250.95675675233085,0.9999996854511906,0.999996357660572,1,1,1,M,12
aff13_wu100k_m256_seed1,13,13,x,222,218.0138912540713,0.9999994318993884,0.9999971250920423,1,1,1,M,12
aff13_wu100k_m256_seed1,13,13,x,223,91.4518508986442,0.9999984543782666,0.9999972892327269,1,1,1,M,12
aff13_wu100k_m256_seed1,13,13,x,224,230.03222133517082,0.999999370131442,0.9999976625347483,1,1,1,M,12
aff13_wu100k_m256_seed1,13,13,x,225,245.25576262823827,0.9999995445142955,0.9999973101244201,1,1,1,M,12
aff13_wu100k_m256_seed1,13,13,x,227,213.71856627779425,0.9999997246243372,0.9999973425204309,1,1,1,M,12
aff13_wu100k_m256_seed1,13,13,x,229,122.8882397307492,0.9999982351726894,0.999997069601307,1,1,1,M,12
aff13_wu100k_m256_seed1,13,13,x,230,119.59299209273105,0.9999989654103943,0.9999976720597369,1,1,1,M,12
aff13_wu100k_m256_seed1,13,13,x,231,119.68385188229479,0.9999988743506835,0.999997772156767,1,1,1,M,12
aff13_wu100k_m256_seed1,13,13,x,232,253.34637755120428,0.9999990135111305,0.9999963336282813,1,1,1,M,12
aff13_wu100k_m256_seed1,13,13,x,233,1.0914855105849754,0.9980192139996564,0.9999944662094182,1,1,1,1,1
aff13_wu100k_m256_seed1,13,13,x,236,226.7532396547444,0.9999995473432646,0.9999981579504817,1,1,1,M,12
aff13_wu100k_m256_seed1,13,13,x,237,254.22636498367092,0.9999995358343386,0.9999973067448572,1,1,1,M,12
aff13_wu100k_m256_seed1,13,13,x,238,99.43897492793457,0.9999986479760813,0.9999977620767138,1,1,1,M,12
aff13_wu100k_m256_seed1,13,13,x,239,247.0489972354128,0.9999997837793577,0.9999981280612912,1,1,1,M,12
aff13_wu100k_m256_seed1,13,13,x,240,246.3585261570883,0.9999998166398244,0.9999972205764425,1,1,1,M,12
aff13_wu100k_m256_seed1,13,13,x,241,119.07711246512974,0.9999988914511788,0.9999981649299592,1,1,1,M,12
aff13_wu100k_m256_seed1,13,13,x,242,226.00947434205784,0.9999989114050003,0.9999976841334001,1,1,1,M,12
aff13_wu100k_m256_seed1,13,13,x,244,216.8869038325891,0.9999994921804082,0.9999977046302582,1,1,1,M,12
aff13_wu100k_m256_seed1,13,13,x,245,213.62462226496842,0.999998920886496,0.9999977227820185,1,1,1,M,12
aff13_wu100k_m256_seed1,13,13,x,246,118.04346798732308,0.999998859262322,0.9999976313188912,1,1,1,M,12
aff13_wu100k_m256_seed1,13,13,x,248,98.45600810986234,0.9999992775736832,0.9999981632329951,1,1,1,M,12
aff13_wu100k_m256_seed1,13,13,x,249,0.0006479488602887501,0.901389082461092,0.9999884017135593,1,1,1,1,1
aff13_wu100k_m256_seed1,13,13,x,250,247.07336114331912,0.9999998520841872,0.9999976405447053,1,1,1,M,12
aff13_wu100k_m256_seed1,13,13,x,251,107.74051754594376,0.9999990984674387,0.99999699992731,1,1,1,M,12
aff13_wu100k_m256_seed1,13,13,x,252,92.00468017299029,0.999999592669353,0.9999972702459163,1,1,1,M,12
aff13_wu100k_m256_seed1,13,13,x,253,241.96426829724481,0.9999988911187354,0.9999977097612541,1,1,1,M,12
aff13_wu100k_m256_seed1,13,13,x,254,110.32022088481523,0.9999993238859539,0.9999982439100316,1,1,1,M,12
aff13_wu100k_m256_seed1,13,13,x,255,219.22467309973794,0.9999993149797771,0.9999976931141198,1,1,1,M,12
aff13_wu100k_m256_seed1,13,13,y,0,221.58385059605558,0.999999703459395,0.9999977689270649,1,M,12,1,1
aff13_wu100k_m256_seed1,13,13,y,1,0.0003452147000973237,0.9291472618344984,0.9999792535768791,1,1,1,1,1
aff13_wu100k_m256_seed1,13,13,y,2,108.44730090170422,0.9999992236204804,0.9999971193297628,1,M,12,1,1
aff13_wu100k_m256_seed1,13,13,y,4,127.43328288403917,0.9999971448737124,0.9999977567188475,1,M,12,1,1
aff13_wu100k_m256_seed1,13,13,y,5,241.74351874495207,0.9999996958608681,0.9999977550961213,1,M,12,1,1
aff13_wu100k_m256_seed1,13,13,y,6,255.2787260551013,0.9999997613099929,0.999997233167609,1,M,12,1,1
aff13_wu100k_m256_seed1,13,13,y,7,239.07428956338526,0.999998604430915,0.9999973778113698,1,M,12,1,1
aff13_wu100k_m256_seed1,13,13,y,8,100.38842248837855,0.9999973460998615,0.9999975655676634,1,M,12,1,1
aff13_wu100k_m256_seed1,13,13,y,9,0.0004303312821005212,0.9346843343881878,0.9999758101578907,1,1,1,1,1
aff13_wu100k_m256_seed1,13,13,y,10,0.0004219950709950241,0.9364151639536298,0.9999853741002179,1,1,1,1,1
aff13_wu100k_m256_seed1,13,13,y,11,230.83995714556787,0.999999085416402,0.9999977735932374,1,M,12,1,1
aff13_wu100k_m256_seed1,13,13,y,12,220.43035598103748,0.9999991992543026,0.9999972142295825,1,M,12,1,1
aff13_wu100k_m256_seed1,13,13,y,13,266.1929077087886,0.9999995072235498,0.999997288246651,1,M,12,1,1
aff13_wu100k_m256_seed1,13,13,y,14,257.008672836983,0.9999997796444929,0.9999974741918242,1,M,12,1,1
aff13_wu100k_m256_seed1,13,13,y,15,218.02912364048757,0.9999998732288738,0.9999972091477889,1,M,12,1,1
aff13_wu100k_m256_seed1,13,13,y,16,108.62780797063989,0.999998728733625,0.9999958139296805,1,M,12,1,1
aff13_wu100k_m256_seed1,13,13,y,17,230.4748085762206,0.9999997830083576,0.9999975412676729,1,M,12,1,1
aff13_wu100k_m256_seed1,13,13,y,18,90.89674805232704,0.9999998121018459,0.9999971796254283,1,M,12,1,1
aff13_wu100k_m256_seed1,13,13,y,19,89.30254688221082,0.999999156012532,0.9999978048540316,1,M,12,1,1
aff13_wu100k_m256_seed1,13,13,y,20,0.0008050755912803737,0.9759747674220228,0.9999912453477378,1,1,1,1,1
aff13_wu100k_m256_seed1,13,13,y,21,132.6292098217567,0.9999990717030228,0.9999977761358044,1,M,12,1,1
aff13_wu100k_m256_seed1,13,13,y,22,257.7271810561588,0.9999991917819945,0.9999977472855102,1,M,12,1,1
aff13_wu100k_m256_seed1,13,13,y,23,226.40261835505777,0.9999994142172055,0.9999977638468222,1,M,12,1,1
aff13_wu100k_m256_seed1,13,13,y,24,226.36472495555674,0.9999994277638208,0.9999957840700762,1,M,12,1,1
aff13_wu100k_m256_seed1,13,13,y,26,214.48513767429685,0.9999986417724804,0.999997637669974,1,M,12,1,1
aff13_wu100k_m256_seed1,13,13,y,27,0.000499415680081204,0.9846174113387811,0.9999914106491131,1,1,1,1,1
aff13_wu100k_m256_seed1,13,13,y,28,98.67330202256322,0.9999997639916611,0.9999977179171398,1,M,12,1,1
aff13_wu100k_m256_seed1,13,13,y,30,0.00035573632695127985,0.9301771086108446,0.9999791623921261,1,1,1,1,1
aff13_wu100k_m256_seed1,13,13,y,31,213.58035927732536,0.9999987865242552,0.9999965581916631,1,M,12,1,1
aff13_wu100k_m256_seed1,13,13,y,32,262.62314143092186,0.9999994418548646,0.9999974405807535,1,M,12,1,1
aff13_wu100k_m256_seed1,13,13,y,33,225.99323000927453,0.9999997228752021,0.9999977956356851,1,M,12,1,1
aff13_wu100k_m256_seed1,13,13,y,34,218.67076523475407,0.999999473432513,0.9999975956023758,1,M,12,1,1
aff13_wu100k_m256_seed1,13,13,y,35,224.59630290891306,0.9999994293103605,0.9999976861351214,1,M,12,1,1
aff13_wu100k_m256_seed1,13,13,y,36,221.91312386892153,0.9999993445880021,0.9999974450292811,1,M,12,1,1
aff13_wu100k_m256_seed1,13,13,y,37,0.00023033184914258073,0.9012196120250292,0.9999721391196382,1,1,1,1,1
aff13_wu100k_m256_seed1,13,13,y,38,107.29937927396821,0.9999995658883485,0.9999972484521302,1,M,12,1,1
aff13_wu100k_m256_seed1,13,13,y,39,219.44818537638957,0.9999994380203381,0.9999958165027015,1,M,12,1,1
aff13_wu100k_m256_seed1,13,13,y,40,98.07727896634061,0.999999561646727,0.9999977529203207,1,M,12,1,1
aff13_wu100k_m256_seed1,13,13,y,41,260.322216584371,0.9999996103634525,0.9999976571558211,1,M,12,1,1
aff13_wu100k_m256_seed1,13,13,y,42,111.4850873383434,0.9999995148435127,0.9999961649842005,1,M,12,1,1
aff13_wu100k_m256_seed1,13,13,y,43,106.49660748197323,0.9999984613360582,0.9999965539736749,1,M,12,1,1
aff13_wu100k_m256_seed1,13,13,y,44,257.56644066501724,0.9999994430266382,0.9999970280899385,1,M,12,1,1
aff13_wu100k_m256_seed1,13,13,y,45,113.21949322838212,0.9999981437736591,0.9999958053280392,1,M,12,1,1
aff13_wu100k_m256_seed1,13,13,y,46,220.17328899680876,0.9999995624817489,0.9999977639616542,1,M,12,1,1
aff13_wu100k_m256_seed1,13,13,y,47,215.8280742294679,0.9999994305093779,0.9999961688596267,1,M,12,1,1
aff13_wu100k_m256_seed1,13,13,y,49,213.27701722119104,0.9999995922839813,0.9999976298550272,1,M,12,1,1
aff13_wu100k_m256_seed1,13,13,y,50,228.81982016744828,0.9999994406723469,0.9999975960995818,1,M,12,1,1
aff13_wu100k_m256_seed1,13,13,y,51,258.11476524406646,0.9999991392779367,0.9999958949398855,1,M,12,1,1
aff13_wu100k_m256_seed1,13,13,y,52,0.0010922103946458901,0.9276290704893922,0.9999914374530826,1,1,1,1,1
aff13_wu100k_m256_seed1,13,13,y,53,97.8872880239439,0.9999990626637013,0.9999973302188468,1,M,12,1,1
aff13_wu100k_m256_seed1,13,13,y,54,222.10532181310174,0.9999982919904451,0.9999965589943456,1,M,12,1,1
aff13_wu100k_m256_seed1,13,13,y,55,105.44253345755455,0.9999990638557211,0.9999960184664436,1,M,12,1,1
aff13_wu100k_m256_seed1,13,13,y,56,99.2963036173841,0.9999976962219621,0.9999977646542326,1,M,12,1,1
aff13_wu100k_m256_seed1,13,13,y,57,95.10872049854096,0.9999988364772373,0.9999970175670014,1,M,12,1,1
aff13_wu100k_m256_seed1,13,13,y,58,221.54824269866916,0.999999680616569,0.9999975142909757,1,M,12,1,1
aff13_wu100k_m256_seed1,13,13,y,59,0.00019653440191527125,0.998304696225243,0.9999879745747653,1,1,1,1,1
aff13_wu100k_m256_seed1,13,13,y,60,129.43716448829824,0.9999990533009534,0.9999976608903621,1,M,12,1,1
aff13_wu100k_m256_seed1,13,13,y,61,219.54036442975965,0.9999991219368223,0.9999966240262701,1,M,12,1,1
aff13_wu100k_m256_seed1,13,13,y,62,264.4874242419809,0.9999992260038205,0.9999977359311943,1,M,12,1,1
aff13_wu100k_m256_seed1,13,13,y,63,110.55666470428879,0.9999992386928582,0.9999975136994923,1,M,12,1,1
aff13_wu100k_m256_seed1,13,13,y,64,114.96286864518467,0.9999993885868159,0.9999965509997357,1,M,12,1,1
aff13_wu100k_m256_seed1,13,13,y,65,252.8153704029008,0.9999996575262894,0.9999975516407512,1,M,12,1,1
aff13_wu100k_m256_seed1,13,13,y,66,224.75208876370613,0.9999996564658935,0.9999977023880419,1,M,12,1,1
aff13_wu100k_m256_seed1,13,13,y,67,87.9811317688141,0.9999989528322628,0.9999977886238138,1,M,12,1,1
aff13_wu100k_m256_seed1,13,13,y,69,254.61363859935426,0.9999996179694595,0.999997367804961,1,M,12,1,1
aff13_wu100k_m256_seed1,13,13,y,70,271.85428855347436,0.9999997811513935,0.9999978068441097,1,M,12,1,1
aff13_wu100k_m256_seed1,13,13,y,71,230.240445009846,0.9999991151053776,0.9999968959448479,1,M,12,1,1
aff13_wu100k_m256_seed1,13,13,y,73,227.05476662404772,0.999999144789882,0.9999958233649805,1,M,12,1,1
aff13_wu100k_m256_seed1,13,13,y,74,230.10578680779093,0.9999995405859611,0.999997744168147,1,M,12,1,1
aff13_wu100k_m256_seed1,13,13,y,75,103.18336996440611,0.9999981789554174,0.9999958196933487,1,M,12,1,1
aff13_wu100k_m256_seed1,13,13,y,77,113.1909298804161,0.9999993025066917,0.9999961622451555,1,M,12,1,1
aff13_wu100k_m256_seed1,13,13,y,78,219.72930011785468,0.9999994521791344,0.9999977799329427,1,M,12,1,1
aff13_wu100k_m256_seed1,13,13,y,79,245.91044139470995,0.9999995491658149,0.9999971976946284,1,M,12,1,1
aff13_wu100k_m256_seed1,13,13,y,80,117.67687423588642,0.9999978429713685,0.9999976812079019,1,M,12,1,1
aff13_wu100k_m256_seed1,13,13,y,81,0.00033615534166015984,0.9737587645657063,0.9999828769431198,1,1,1,1,1
aff13_wu100k_m256_seed1,13,13,y,82,0.000473857247853365,0.9397859063787904,0.9999880904125151,1,1,1,1,1
aff13_wu100k_m256_seed1,13,13,y,83,105.56013323771296,0.9999981531156013,0.9999977682918826,1,M,12,1,1
aff13_wu100k_m256_seed1,13,13,y,84,0.00026781533490409265,0.9101519541720637,0.9999670372256475,1,1,1,1,1
aff13_wu100k_m256_seed1,13,13,y,85,102.79638407966148,0.9999998054359734,0.9999976619244927,1,M,12,1,1
aff13_wu100k_m256_seed1,13,13,y,86,250.23701229096636,0.9999995397313234,0.9999958670583209,1,M,12,1,1
aff13_wu100k_m256_seed1,13,13,y,87,225.0855791781237,0.9999996011147427,0.9999977760229706,1,M,12,1,1
aff13_wu100k_m256_seed1,13,13,y,89,224.07914325876493,0.9999980832517072,0.9999958708208526,1,M,12,1,1
aff13_wu100k_m256_seed1,13,13,y,90,113.08676363668734,0.9999983244899086,0.9999958937624375,1,M,12,1,1
aff13_wu100k_m256_seed1,13,13,y,91,105.44890906389327,0.9999958596574763,0.9999974963356772,1,M,12,1,1
aff13_wu100k_m256_seed1,13,13,y,92,0.0004232389420161923,0.9159981830129075,0.9999715975146146,1,1,1,1,1
aff13_wu100k_m256_seed1,13,13,y,93,238.51749445402208,0.9999994432520319,0.9999974573071037,1,M,12,1,1
aff13_wu100k_m256_seed1,13,13,y,94,101.01956707825232,0.9999992288790602,0.9999961098587802,1,M,12,1,1
aff13_wu100k_m256_seed1,13,13,y,95,0.0012632066175907893,0.9506265237105711,0.9999809127572452,1,1,1,1,1
aff13_wu100k_m256_seed1,13,13,y,96,236.10093030475343,0.9999996670669341,0.999997704474313,1,M,12,1,1
aff13_wu100k_m256_seed1,13,13,y,97,256.2580681028277,0.9999989227072871,0.9999957479727463,1,M,12,1,1
aff13_wu100k_m256_seed1,13,13,y,98,219.07767772326667,0.9999998173083907,0.9999977900900751,1,M,12,1,1
aff13_wu100k_m256_seed1,13,13,y,99,108.11357693191371,0.9999983895807395,0.9999972579148427,1,M,12,1,1
aff13_wu100k_m256_seed1,13,13,y,100,121.94622590105129,0.9999986158300739,0.999997549272136,1,M,12,1,1
aff13_wu100k_m256_seed1,13,13,y,101,114.35220626570316,0.9999985239933371,0.9999977367302126,1,M,12,1,1
aff13_wu100k_m256_seed1,13,13,y,102,104.24695373828926,0.9999991223893347,0.9999977427742132,1,M,12,1,1
aff13_wu100k_m256_seed1,13,13,y,104,228.64884928559832,0.9999991390559259,0.999997687163871,1,M,12,1,1
aff13_wu100k_m256_seed1,13,13,y,105,105.22087433481076,0.9999993038119271,0.9999978000973898,1,M,12,1,1
aff13_wu100k_m256_seed1,13,13,y,106,208.80133504262102,0.9999989619734289,0.999996557720305,1,M,12,1,1
aff13_wu100k_m256_seed1,13,13,y,107,116.7517383584689,0.999999567446881,0.9999976854816675,1,M,12,1,1
aff13_wu100k_m256_seed1,13,13,y,108,250.30299666820966,0.9999996352138084,0.9999965087139676,1,M,12,1,1
aff13_wu100k_m256_seed1,13,13,y,109,247.00742396114063,0.9999995422815595,0.999996165601635,1,M,12,1,1
aff13_wu100k_m256_seed1,13,13,y,110,113.45760567565152,0.9999987030295939,0.9999977565123215,1,M,12,1,1
aff13_wu100k_m256_seed1,13,13,y,111,223.5811442536006,0.9999996196718657,0.9999976307354979,1,M,12,1,1
aff13_wu100k_m256_seed1,13,13,y,112,220.75369943804873,0.9999992547390464,0.9999977626981289,1,M,12,1,1
aff13_wu100k_m256_seed1,13,13,y,113,109.54122015826476,0.9999994031263,0.99999614499711,1,M,12,1,1
aff13_wu100k_m256_seed1,13,13,y,114,222.12403185529004,0.9999996073020135,0.9999975181755801,1,M,12,1,1
aff13_wu100k_m256_seed1,13,13,y,118,215.49821201072376,0.999999665285888,0.9999976780701776,1,M,12,1,1
aff13_wu100k_m256_seed1,13,13,y,119,0.00024346041765057423,0.9068385657556216,0.9999784873372294,1,1,1,1,1
aff13_wu100k_m256_seed1,13,13,y,120,229.00023199351594,0.9999993250973762,0.9999977858232483,1,M,12,1,1
aff13_wu100k_m256_seed1,13,13,y,121,223.80260048236673,0.9999987378983999,0.999995740395561,1,M,12,1,1
aff13_wu100k_m256_seed1,13,13,y,122,0.0003363600994290976,0.9095641904281125,0.9999799190743698,1,1,1,1,1
aff13_wu100k_m256_seed1,13,13,y,123,226.2691114462511,0.9999994578178759,0.9999961403903543,1,M,12,1,1
aff13_wu100k_m256_seed1,13,13,y,124,252.52544227624816,0.9999998001878773,0.999997483900782,1,M,12,1,1
aff13_wu100k_m256_seed1,13,13,y,125,227.69716604824282,0.9999987947286682,0.9999975912052661,1,M,12,1,1
aff13_wu100k_m256_seed1,13,13,y,126,123.76604337107644,0.9999985621036854,0.9999974772917929,1,M,12,1,1
aff13_wu100k_m256_seed1,13,13,y,127,99.60792907469514,0.9999961878811129,0.9999976402619207,1,M,12,1,1
aff13_wu100k_m256_seed1,13,13,y,129,98.565920846224,0.9999979177815749,0.9999974212417605,1,M,12,1,1
aff13_wu100k_m256_seed1,13,13,y,130,98.56097932048341,0.9999995358849638,0.9999965952277747,1,M,12,1,1
aff13_wu100k_m256_seed1,13,13,y,131,224.4831906976704,0.9999998720510385,0.9999975654342083,1,M,12,1,1
aff13_wu100k_m256_seed1,13,13,y,132,105.32222891123159,0.9999993786194901,0.9999968699701198,1,M,12,1,1
aff13_wu100k_m256_seed1,13,13,y,133,90.00416215126823,0.9999997331969297,0.9999972449091239,1,M,12,1,1
aff13_wu100k_m256_seed1,13,13,y,136,227.56322967759937,0.9999998544111123,0.9999972433827933,1,M,12,1,1
aff13_wu100k_m256_seed1,13,13,y,137,217.1775170042618,0.9999986418808381,0.9999972610390975,1,M,12,1,1
aff13_wu100k_m256_seed1,13,13,y,138,220.3375493206842,0.9999990312426841,0.9999977373577212,1,M,12,1,1
aff13_wu100k_m256_seed1,13,13,y,139,222.5629729123285,0.9999992755860674,0.9999961752895243,1,M,12,1,1
aff13_wu100k_m256_seed1,13,13,y,140,0.0007969935785768536,0.9077692149950922,0.999990014778169,1,1,1,1,1
aff13_wu100k_m256_seed1,13,13,y,142,97.49619637352473,0.9999989070627783,0.9999965788141392,1,M,12,1,1
aff13_wu100k_m256_seed1,13,13,y,144,223.3149615074696,0.9999995342819624,0.9999970232696156,1,M,12,1,1
aff13_wu100k_m256_seed1,13,13,y,145,233.9911342066305,0.9999994655183748,0.9999977550612604,1,M,12,1,1
aff13_wu100k_m256_seed1,13,13,y,146,235.24256406845905,0.9999991908656052,0.9999965240240521,1,M,12,1,1
aff13_wu100k_m256_seed1,13,13,y,147,0.0003345720836517306,0.980867384519249,0.999984667505575,1,1,1,1,1
aff13_wu100k_m256_seed1,13,13,y,148,210.5406028797974,0.9999994546251249,0.9999961181118843,1,M,12,1,1
aff13_wu100k_m256_seed1,13,13,y,149,108.4640863730543,0.9999988376153117,0.9999967912580172,1,M,12,1,1
aff13_wu100k_m256_seed1,13,13,y,150,251.5002798457907,0.9999992822592766,0.9999957420410825,1,M,12,1,1
aff13_wu100k_m256_seed1,13,13,y,151,255.5276292771946,0.9999992530341995,0.9999970469889579,1,M,12,1,1
aff13_wu100k_m256_seed1,13,13,y,152,118.82263273897165,0.9999994792069292,0.9999974619158544,1,M,12,1,1
aff13_wu100k_m256_seed1,13,13,y,153,101.4034327108966,0.9999992257035625,0.9999974180658429,1,M,12,1,1
aff13_wu100k_m256_seed1,13,13,y,154,229.24766532878783,0.999999080864011,0.9999960653604002,1,M,12,1,1
aff13_wu100k_m256_seed1,13,13,y,155,0.0004972381472829438,0.9447165914330338,0.9999843693083089,1,1,1,1,1
aff13_wu100k_m256_seed1,13,13,y,156,116.45577759866478,0.9999987111574365,0.999997655324247,1,M,12,1,1
aff13_wu100k_m256_seed1,13,13,y,157,109.1356124013187,0.9999972201171191,0.9999956899213378,1,M,12,1,1
aff13_wu100k_m256_seed1,13,13,y,158,109.51721798072514,0.9999966523002212,0.9999977146745521,1,M,12,1,1
aff13_wu100k_m256_seed1,13,13,y,159,262.18329481218433,0.9999993718767264,0.9999960907492541,1,M,12,1,1
aff13_wu100k_m256_seed1,13,13,y,160,222.5100060341423,0.9999995644144168,0.9999975915479468,1,M,12,1,1
aff13_wu100k_m256_seed1,13,13,y,161,231.9486973347304,0.999999188187189,0.9999974717874978,1,M,12,1,1
aff13_wu100k_m256_seed1,13,13,y,162,126.25754240534246,0.9999988990354195,0.9999974892403969,1,M,12,1,1
aff13_wu100k_m256_seed1,13,13,y,164,227.06467831661996,0.9999998373078504,0.9999971784110382,1,M,12,1,1
aff13_wu100k_m256_seed1,13,13,y,165,118.01877724480002,0.9999992267199997,0.999997836251948,1,M,12,1,1
aff13_wu100k_m256_seed1,13,13,y,166,103.76256667829804,0.999998821346657,0.9999969037246892,1,M,12,1,1
aff13_wu100k_m256_seed1,13,13,y,167,258.86951825905203,0.9999994048203849,0.999997694787694,1,M,12,1,1
aff13_wu100k_m256_seed1,13,13,y,168,122.69709151881628,0.999999188038507,0.9999976679259418,1,M,12,1,1
aff13_wu100k_m256_seed1,13,13,y,169,220.75490736849375,0.9999985238397723,0.9999964787988008,1,M,12,1,1
aff13_wu100k_m256_seed1,13,13,y,170,231.8033018871076,0.999999191866052,0.9999976977739502,1,M,12,1,1
aff13_wu100k_m256_seed1,13,13,y,171,120.77640107608232,0.9999994346788018,0.99999782769586,1,M,12,1,1
aff13_wu100k_m256_seed1,13,13,y,172,125.38600336580619,0.999999180958025,0.9999977810612716,1,M,12,1,1
aff13_wu100k_m256_seed1,13,13,y,173,108.32479786009439,0.9999994617922042,0.9999976277641511,1,M,12,1,1
aff13_wu100k_m256_seed1,13,13,y,174,253.54400839525013,0.9999991848491687,0.9999977762553302,1,M,12,1,1
aff13_wu100k_m256_seed1,13,13,y,175,221.5947032454572,0.9999996269870995,0.9999975886730352,1,M,12,1,1
aff13_wu100k_m256_seed1,13,13,y,176,124.95677244294014,0.9999986348919921,0.9999977476402466,1,M,12,1,1
aff13_wu100k_m256_seed1,13,13,y,177,210.79798089861953,0.9999990878434123,0.9999974044483542,1,M,12,1,1
aff13_wu100k_m256_seed1,13,13,y,178,102.33199090522903,0.9999986860638532,0.9999978048978438,1,M,12,1,1
aff13_wu100k_m256_seed1,13,13,y,180,220.06054715663475,0.9999994401347332,0.9999972958291761,1,M,12,1,1
aff13_wu100k_m256_seed1,13,13,y,181,227.65276000493407,0.9999987318961154,0.9999974978605498,1,M,12,1,1
aff13_wu100k_m256_seed1,13,13,y,182,111.71183208027942,0.9999994530403481,0.9999960542192253,1,M,12,1,1
aff13_wu100k_m256_seed1,13,13,y,183,266.8480572133462,0.9999993846658779,0.9999977802552177,1,M,12,1,1
aff13_wu100k_m256_seed1,13,13,y,184,267.5496360653475,0.9999995746154432,0.9999977500338434,1,M,12,1,1
aff13_wu100k_m256_seed1,13,13,y,185,0.0006675526497863498,0.9044122265011123,0.9999824260068967,1,1,1,1,1
aff13_wu100k_m256_seed1,13,13,y,186,228.12911026053774,0.9999988892935803,0.9999978198280951,1,M,12,1,1
aff13_wu100k_m256_seed1,13,13,y,187,215.8836786256232,0.9999987464930866,0.9999976038494548,1,M,12,1,1
aff13_wu100k_m256_seed1,13,13,y,188,225.81525070129598,0.9999993387381977,0.9999975633152687,1,M,12,1,1
aff13_wu100k_m256_seed1,13,13,y,189,124.07120248338296,0.9999994449967126,0.999997560151591,1,M,12,1,1
aff13_wu100k_m256_seed1,13,13,y,190,214.89467617753715,0.9999994007027647,0.999996168341488,1,M,12,1,1
aff13_wu100k_m256_seed1,13,13,y,191,223.79705604613534,0.9999982874418819,0.999997766413692,1,M,12,1,1
aff13_wu100k_m256_seed1,13,13,y,192,104.62806400951517,0.999998366045412,0.9999972905320564,1,M,12,1,1
aff13_wu100k_m256_seed1,13,13,y,194,224.57306705626604,0.999999412832197,0.9999977013215077,1,M,12,1,1
aff13_wu100k_m256_seed1,13,13,y,196,112.81502925389121,0.9999965264878682,0.9999977956844248,1,M,12,1,1
aff13_wu100k_m256_seed1,13,13,y,197,103.54660421299643,0.9999992528485901,0.9999977511926935,1,M,12,1,1
aff13_wu100k_m256_seed1,13,13,y,198,253.0558897813824,0.9999992888129616,0.999996516533406,1,M,12,1,1
aff13_wu100k_m256_seed1,13,13,y,199,226.4348079711961,0.9999986499316404,0.9999957452374402,1,M,12,1,1
aff13_wu100k_m256_seed1,13,13,y,200,116.94477401888342,0.9999990148333642,0.9999976057727903,1,M,12,1,1
aff13_wu100k_m256_seed1,13,13,y,201,123.70231029285986,0.9999984233132381,0.9999977729350698,1,M,12,1,1
aff13_wu100k_m256_seed1,13,13,y,203,0.00020927309235321603,0.9061030634019562,0.9999632427299837,1,1,1,1,1
aff13_wu100k_m256_seed1,13,13,y,204,218.82778204683615,0.9999995255197782,0.9999969720740775,1,M,12,1,1
aff13_wu100k_m256_seed1,13,13,y,205,253.01144188450198,0.9999995012423119,0.9999969913034641,1,M,12,1,1
aff13_wu100k_m256_seed1,13,13,y,206,117.2551969470451,0.9999987817482032,0.9999976080954881,1,M,12,1,1
aff13_wu100k_m256_seed1,13,13,y,207,242.2357335663828,0.9999992301726982,0.9999965126256787,1,M,12,1,1
aff13_wu100k_m256_seed1,13,13,y,208,108.7754652767775,0.9999993753525528,0.99999759706809,1,M,12,1,1
aff13_wu100k_m256_seed1,13,13,y,209,116.92991263299652,0.9999971157592852,0.9999976878521732,1,M,12,1,1
aff13_wu100k_m256_seed1,13,13,y,210,106.67081285329378,0.9999994526299728,0.9999965477924806,1,M,12,1,1
aff13_wu100k_m256_seed1,13,13,y,211,245.2374442126895,0.9999994178180427,0.9999960940073235,1,M,12,1,1
aff13_wu100k_m256_seed1,13,13,y,212,109.80731669066262,0.9999985388752126,0.9999975875522722,1,M,12,1,1
aff13_wu100k_m256_seed1,13,13,y,213,228.11385939029358,0.9999994476127823,0.999997653386254,1,M,12,1,1
aff13_wu100k_m256_seed1,13,13,y,214,271.8157977114696,0.9999998234614911,0.9999971537077104,1,M,12,1,1
aff13_wu100k_m256_seed1,13,13,y,215,227.55786308739232,0.9999992489825787,0.9999975950057627,1,M,12,1,1
aff13_wu100k_m256_seed1,13,13,y,216,0.00030661402454870565,0.9248288424405063,0.9999702583316117,1,1,1,1,1
aff13_wu100k_m256_seed1,13,13,y,217,223.64096259173613,0.999999803629968,0.9999977587967027,1,M,12,1,1
aff13_wu100k_m256_seed1,13,13,y,218,227.248752945538,0.9999992113841374,0.9999976887027217,1,M,12,1,1
aff13_wu100k_m256_seed1,13,13,y,220,220.9286322138457,0.999998537187472,0.9999957450726789,1,M,12,1,1
aff13_wu100k_m256_seed1,13,13,y,221,252.23472266937188,0.9999991172382531,0.9999960653490255,1,M,12,1,1
aff13_wu100k_m256_seed1,13,13,y,222,218.40377871463878,0.9999996270265142,0.99999703995702,1,M,12,1,1
aff13_wu100k_m256_seed1,13,13,y,223,92.15653596142006,0.9999980237457902,0.9999958199624741,1,M,12,1,1
aff13_wu100k_m256_seed1,13,13,y,224,231.0180998112044,0.9999989933697493,0.9999965537461053,1,M,12,1,1
aff13_wu100k_m256_seed1,13,13,y,225,246.60386516721613,0.9999991752183662,0.9999969930958462,1,M,12,1,1
aff13_wu100k_m256_seed1,13,13,y,226,0.00025555541352790634,0.9372170978621456,0.9999828506661259,1,1,1,1,1
aff13_wu100k_m256_seed1,13,13,y,227,214.12066716387878,0.9999989635508555,0.999996974752639,1,M,12,1,1
aff13_wu100k_m256_seed1,13,13,y,229,123.69258605667825,0.9999995929337864,0.9999977028688611,1,M,12,1,1
aff13_wu100k_m256_seed1,13,13,y,230,120.96416237737195,0.9999990447741381,0.9999977231129542,1,M,12,1,1
aff13_wu100k_m256_seed1,13,13,y,231,119.9654498183264,0.9999993913406013,0.999997625156194,1,M,12,1,1
aff13_wu100k_m256_seed1,13,13,y,232,253.1598543384488,0.9999993941631945,0.9999970362630886,1,M,12,1,1
aff13_wu100k_m256_seed1,13,13,y,233,1.3382540341057856,0.9983387394296735,0.9999973885234942,1,1,1,1,1
aff13_wu100k_m256_seed1,13,13,y,234,0.0007347041661826232,0.9735364085834894,0.9999871488715337,1,1,1,1,1
aff13_wu100k_m256_seed1,13,13,y,235,0.00043234459561317616,0.9336388582366906,0.9999835950936012,1,1,1,1,1
aff13_wu100k_m256_seed1,13,13,y,236,227.08590095510021,0.9999990515581993,0.9999978476379746,1,M,12,1,1
aff13_wu100k_m256_seed1,13,13,y,237,255.6989145148725,0.9999994381260434,0.9999977857237972,1,M,12,1,1
aff13_wu100k_m256_seed1,13,13,y,238,99.59426665930195,0.9999995079560797,0.9999969820434238,1,M,12,1,1
aff13_wu100k_m256_seed1,13,13,y,239,247.55823840985238,0.9999995055730556,0.9999965667559928,1,M,12,1,1
aff13_wu100k_m256_seed1,13,13,y,240,247.29930794530472,0.9999993601952396,0.9999972304264324,1,M,12,1,1
aff13_wu100k_m256_seed1,13,13,y,241,119.58067790040575,0.9999988860791674,0.9999975111924441,1,M,12,1,1
aff13_wu100k_m256_seed1,13,13,y,242,226.3585277562232,0.9999987242835109,0.9999977094376178,1,M,12,1,1
aff13_wu100k_m256_seed1,13,13,y,244,217.53190452889976,0.9999996254273082,0.9999976948878633,1,M,12,1,1
aff13_wu100k_m256_seed1,13,13,y,245,213.52207253863617,0.9999995869738658,0.9999970234979143,1,M,12,1,1
aff13_wu100k_m256_seed1,13,13,y,246,118.62955337281892,0.9999993868209077,0.9999965564953134,1,M,12,1,1
aff13_wu100k_m256_seed1,13,13,y,247,0.00037715120519541854,0.9505496192320334,0.9999916591962651,1,1,1,1,1
aff13_wu100k_m256_seed1,13,13,y,248,98.68242202055973,0.9999987771901687,0.9999959348730654,1,M,12,1,1
aff13_wu100k_m256_seed1,13,13,y,250,248.26162377125152,0.999999590850288,0.9999960473298478,1,M,12,1,1
aff13_wu100k_m256_seed1,13,13,y,251,107.7329200787246,0.9999990828198855,0.9999970785281856,1,M,12,1,1
aff13_wu100k_m256_seed1,13,13,y,252,92.2566811718854,0.9999996794276718,0.9999974341676863,1,M,12,1,1
aff13_wu100k_m256_seed1,13,13,y,253,242.57727691500557,0.9999986885577528,0.9999974480551836,1,M,12,1,1
aff13_wu100k_m256_seed1,13,13,y,254,110.93366733182818,0.9999988679604808,0.9999965071462298,1,M,12,1,1
aff13_wu100k_m256_seed1,13,13,y,255,219.88987246614903,0.9999994396652252,0.9999977923363109,1,M,12,1,1
aff13_wu100k_m256_seed2,13,13,x,0,89.6267058823683,0.9999992972261806,0.9999984874187323,1,1,1,M,12
aff13_wu100k_m256_seed2,13,13,x,1,172.00823403076896,0.9999987712260237,0.9999981485247688,1,1,1,M,12
aff13_wu100k_m256_seed2,13,13,x,2,169.34874492795134,0.999999029350086,0.999997926525992,1,1,1,M,12
aff13_wu100k_m256_seed2,13,13,x,4,129.56050628595221,0.9999993178648583,0.9999979091709749,1,1,1,M,12
aff13_wu100k_m256_seed2,13,13,x,5,175.8497776076773,0.9999993404759417,0.9999981818578217,1,1,1,M,12
aff13_wu100k_m256_seed2,13,13,x,6,105.3590664774089,0.9999977077046819,0.9999981287502105,1,1,1,M,12
aff13_wu100k_m256_seed2,13,13,x,9,133.45686796827874,0.999999376078584,0.9999981027636868,1,1,1,M,12
aff13_wu100k_m256_seed2,13,13,x,10,97.54024838915765,0.9999966332210187,0.9999981557847066,1,1,1,M,12
aff13_wu100k_m256_seed2,13,13,x,11,125.39327051329376,0.9999997706883884,0.9999980714070481,1,1,1,M,12
aff13_wu100k_m256_seed2,13,13,x,12,120.4963804563147,0.9999987506241073,0.9999984679496813,1,1,1,M,12
aff13_wu100k_m256_seed2,13,13,x,13,147.83515722694912,0.9999998154970142,0.9999985334455463,1,1,1,M,12
aff13_wu100k_m256_seed2,13,13,x,14,159.16957500286966,0.9999996268796087,0.9999987136598026,1,1,1,M,12
aff13_wu100k_m256_seed2,13,13,x,15,106.31115378270695,0.9999992866447956,0.9999981560691155,1,1,1,M,12
aff13_wu100k_m256_seed2,13,13,x,16,193.65404678795377,0.9999989046573605,0.9999975941065593,1,1,1,M,12
aff13_wu100k_m256_seed2,13,13,x,17,122.02449556601874,0.999999485852486,0.9999981393217089,1,1,1,M,12
aff13_wu100k_m256_seed2,13,13,x,19,170.4015485345033,0.9999994408196574,0.9999985205981733,1,1,1,M,12
aff13_wu100k_m256_seed2,13,13,x,21,231.96887464206,0.9999991891369755,0.9999981091268568,1,1,1,M,12
aff13_wu100k_m256_seed2,13,13,x,22,105.17764066035332,0.9999997918898527,0.9999979888180472,1,1,1,M,12
aff13_wu100k_m256_seed2,13,13,x,23,229.73694995529164,0.9999992898281082,0.999998103464309,1,1,1,M,12
aff13_wu100k_m256_seed2,13,13,x,24,206.00075763569032,0.9999994371048228,0.9999979660398014,1,1,1,M,12
aff13_wu100k_m256_seed2,13,13,x,25,178.6962990692978,0.9999988388610841,0.9999985885352077,1,1,1,M,12
aff13_wu100k_m256_seed2,13,13,x,27,138.20118288041286,0.9999999398369117,0.999998090236613,1,1,1,M,12
aff13_wu100k_m256_seed2,13,13,x,29,169.29182856559473,0.9999996730894976,0.999998425506521,1,1,1,M,12
aff13_wu100k_m256_seed2,13,13,x,30,183.50964980332563,0.9999997732891179,0.9999984833282582,1,1,1,M,12
aff13_wu100k_m256_seed2,13,13,x,32,183.81830295081033,0.9999997050589678,0.9999976288950211,1,1,1,M,12
aff13_wu100k_m256_seed2,13,13,x,33,116.98942126105126,0.999999534431548,0.9999985966608432,1,1,1,M,12
aff13_wu100k_m256_seed2,13,13,x,34,166.46684191840436,0.9999994062093204,0.9999986608300615,1,1,1,M,12
aff13_wu100k_m256_seed2,13,13,x,35,122.33620901932386,0.9999980596662149,0.9999984644355633,1,1,1,M,12
aff13_wu100k_m256_seed2,13,13,x,36,102.68310972621526,0.9999993255908529,0.9999985097713522,1,1,1,M,12
aff13_wu100k_m256_seed2,13,13,x,37,153.1496019216052,0.9999990464037288,0.9999979253892128,1,1,1,M,12
aff13_wu100k_m256_seed2,13,13,x,38,128.05488224633365,0.999999473355039,0.9999980302502288,1,1,1,M,12
aff13_wu100k_m256_seed2,13,13,x,39,191.1961016932437,0.9999996302606315,0.9999980474298028,1,1,1,M,12
aff13_wu100k_m256_seed2,13,13,x,40,181.72518111168645,0.9999995415883643,0.9999984205659805,1,1,1,M,12
aff13_wu100k_m256_seed2,13,13,x,41,118.05340448995689,0.9999996358515443,0.9999985172385428,1,1,1,M,12
aff13_wu100k_m256_seed2,13,13,x,42,165.44945611679063,0.9999995418387759,0.9999981270174881,1,1,1,M,12
aff13_wu100k_m256_seed2,13,13,x,43,181.86207684828875,0.9999982719153426,0.9999979579839859,1,1,1,M,12
aff13_wu100k_m256_seed2,13,13,x,44,112.57335807865617,0.9999981343324487,0.9999979533161795,1,1,1,M,12
aff13_wu100k_m256_seed2,13,13,x,45,121.85507862851406,0.9999992231280945,0.9999985270151812,1,1,1,M,12
aff13_wu100k_m256_seed2,13,13,x,47,222.74588963912115,0.9999989496377075,0.9999979941691679,1,1,1,M,12
aff13_wu100k_m256_seed2,13,13,x,48,176.32978121794105,0.9999997337098306,0.9999979453175503,1,1,1,M,12
aff13_wu100k_m256_seed2,13,13,x,50,165.5691317775998,0.9999996573027093,0.9999985224100985,1,1,1,M,12
aff13_wu100k_m256_seed2,13,13,x,51,118.07101705145209,0.9999995968260011,0.9999985422312467,1,1,1,M,12
aff13_wu100k_m256_seed2,13,13,x,52,132.41444673904294,0.9999992881364044,0.9999981232076517,1,1,1,M,12
aff13_wu100k_m256_seed2,13,13,x,53,170.92521018807014,0.9999991601066825,0.9999979374714197,1,1,1,M,12
aff13_wu100k_m256_seed2,13,13,x,54,121.45611075118472,0.9999970478987003,0.9999985394404309,1,1,1,M,12
aff13_wu100k_m256_seed2,13,13,x,55,153.13915477855647,0.9999997862068691,0.9999982578858224,1,1,1,M,12
aff13_wu100k_m256_seed2,13,13,x,56,172.3551040351441,0.9999988475591444,0.999998554760594,1,1,1,M,12
aff13_wu100k_m256_seed2,13,13,x,58,116.6774804951523,0.9999983038353129,0.9999986172419322,1,1,1,M,12
aff13_wu100k_m256_seed2,13,13,x,59,185.61715353955697,0.9999997085876366,0.9999985858409701,1,1,1,M,12
aff13_wu100k_m256_seed2,13,13,x,60,198.4974092186284,0.9999991510581738,0.9999978941965482,1,1,1,M,12
aff13_wu100k_m256_seed2,13,13,x,61,132.61150532760482,0.999998171809029,0.9999975185561023,1,1,1,M,12
aff13_wu100k_m256_seed2,13,13,x,62,218.63085010507768,0.9999997761673988,0.9999985232194105,1,1,1,M,12
aff13_wu100k_m256_seed2,13,13,x,63,141.36820288788735,0.9999993406554238,0.9999985985469321,1,1,1,M,12
aff13_wu100k_m256_seed2,13,13,x,64,100.39086962642345,0.9999973133103373,0.9999985822979366,1,1,1,M,12
aff13_wu100k_m256_seed2,13,13,x,67,162.3727336773857,0.9999994666605311,0.9999986754600486,1,1,1,M,12
aff13_wu100k_m256_seed2,13,13,x,68,0.00019657679393242833,0.929896870819476,0.9999770083162447,1,1,1,1,1
aff13_wu100k_m256_seed2,13,13,x,69,162.41813547076268,0.9999997715388684,0.9999984889484423,1,1,1,M,12
aff13_wu100k_m256_seed2,13,13,x,70,128.81205575915715,0.9999995083539064,0.999998669724934,1,1,1,M,12
aff13_wu100k_m256_seed2,13,13,x,71,131.02771776469805,0.9999993850494744,0.9999987883074952,1,1,1,M,12
aff13_wu100k_m256_seed2,13,13,x,72,117.004774579268,0.9999993872020805,0.999997550338309,1,1,1,M,12
aff13_wu100k_m256_seed2,13,13,x,74,204.49640178273333,0.9999988786206508,0.9999985826022033,1,1,1,M,12
aff13_wu100k_m256_seed2,13,13,x,75,174.0351383696998,0.9999993203601772,0.9999985331683198,1,1,1,M,12
aff13_wu100k_m256_seed2,13,13,x,76,171.16829423273896,0.999999467950897,0.9999979501810652,1,1,1,M,12
aff13_wu100k_m256_seed2,13,13,x,77,145.87394877785977,0.9999982888582977,0.9999980874230797,1,1,1,M,12
aff13_wu100k_m256_seed2,13,13,x,78,178.4667779286696,0.9999993744983222,0.9999985241806268,1,1,1,M,12
aff13_wu100k_m256_seed2,13,13,x,79,158.00921132340778,0.9999996096833194,0.9999980984282417,1,1,1,M,12
aff13_wu100k_m256_seed2,13,13,x,81,174.7986629817091,0.9999995161150217,0.9999985047707655,1,1,1,M,12
aff13_wu100k_m256_seed2,13,13,x,82,151.56855450081153,0.9999985675002397,0.9999980506901591,1,1,1,M,12
aff13_wu100k_m256_seed2,13,13,x,83,102.49228026706108,0.9999983899640614,0.9999984764963246,1,1,1,M,12
aff13_wu100k_m256_seed2,13,13,x,84,180.32763061517528,0.9999990492104655,0.9999975270363209,1,1,1,M,12
aff13_wu100k_m256_seed2,13,13,x,85,96.09992607690175,0.9999991185556791,0.9999980182216556,1,1,1,M,12
aff13_wu100k_m256_seed2,13,13,x,86,98.08809418327296,0.9999984965076741,0.9999978930130626,1,1,1,M,12
aff13_wu100k_m256_seed2,13,13,x,88,104.01564690008618,0.999999192358957,0.9999979879559018,1,1,1,M,12
aff13_wu100k_m256_seed2,13,13,x,89,230.67021968843093,0.9999994910271356,0.9999979846122953,1,1,1,M,12
aff13_wu100k_m256_seed2,13,13,x,90,159.1941529436764,0.9999981490611315,0.9999986233513829,1,1,1,M,12
aff13_wu100k_m256_seed2,13,13,x,91,173.76878248234414,0.9999984923421358,0.9999978686521067,1,1,1,M,12
aff13_wu100k_m256_seed2,13,13,x,92,121.38900514473227,0.9999985997862115,0.9999978796990843,1,1,1,M,12
aff13_wu100k_m256_seed2,13,13,x,93,127.05459221986081,0.9999993656867768,0.999998452308502,1,1,1,M,12
aff13_wu100k_m256_seed2,13,13,x,94,173.80716263049402,0.9999996190608659,0.9999987277476003,1,1,1,M,12
aff13_wu100k_m256_seed2,13,13,x,95,103.537683869677,0.9999987400143211,0.9999986321523012,1,1,1,M,12
aff13_wu100k_m256_seed2,13,13,x,96,193.8276447723197,0.9999995067503096,0.9999982278263482,1,1,1,M,12
aff13_wu100k_m256_seed2,13,13,x,97,127.42034377683787,0.999999445882219,0.9999979065144339,1,1,1,M,12
aff13_wu100k_m256_seed2,13,13,x,98,102.57312692748529,0.9999990546330532,0.9999975634842974,1,1,1,M,12
aff13_wu100k_m256_seed2,13,13,x,99,160.32730775580788,0.9999990158751797,0.9999987468061003,1,1,1,M,12
aff13_wu100k_m256_seed2,13,13,x,100,129.60075965143483,0.9999988677099413,0.9999985660378202,1,1,1,M,12
aff13_wu100k_m256_seed2,13,13,x,101,159.1817074474426,0.9999978731181881,0.999998684468609,1,1,1,M,12
aff13_wu100k_m256_seed2,13,13,x,102,184.66482887711948,0.999999520990818,0.9999981961232799,1,1,1,M,12
aff13_wu100k_m256_seed2,13,13,x,104,141.19072485998322,0.9999995459215154,0.9999980300131973,1,1,1,M,12
aff13_wu100k_m256_seed2,13,13,x,106,112.45263443158646,0.9999976816412864,0.9999984441885639,1,1,1,M,12
aff13_wu100k_m256_seed2,13,13,x,107,130.86788652626723,0.9999992876127128,0.9999982176682456,1,1,1,M,12
aff13_wu100k_m256_seed2,13,13,x,108,120.23307314585135,0.9999996418419779,0.9999987285303096,1,1,1,M,12
aff13_wu100k_m256_seed2,13,13,x,110,108.24909971381368,0.9999997654255813,0.999998440970845,1,1,1,M,12
aff13_wu100k_m256_seed2,13,13,x,112,171.26954632693946,0.9999994778114384,0.9999981220335271,1,1,1,M,12
aff13_wu100k_m256_seed2,13,13,x,113,150.67776725569985,0.9999996721551815,0.9999980477064946,1,1,1,M,12
aff13_wu100k_m256_seed2,13,13,x,114,118.65529182461852,0.9999991654474305,0.9999985434743703,1,1,1,M,12
aff13_wu100k_m256_seed2,13,13,x,115,103.59166111621592,0.9999985275844587,0.9999979909246552,1,1,1,M,12
aff13_wu100k_m256_seed2,13,13,x,116,112.04965673635841,0.9999984856742192,0.9999976252842334,1,1,1,M,12
aff13_wu100k_m256_seed2,13,13,x,117,107.14214447511634,0.9999997195730513,0.9999986336920947,1,1,1,M,12
aff13_wu100k_m256_seed2,13,13,x,118,172.855262916922,0.9999995508774803,0.9999984788524392,1,1,1,M,12
aff13_wu100k_m256_seed2,13,13,x,119,119.16616825346117,0.9999998173888611,0.9999979156302629,1,1,1,M,12
aff13_wu100k_m256_seed2,13,13,x,120,182.37028270189376,0.9999999242206855,0.9999984419244754,1,1,1,M,12
aff13_wu100k_m256_seed2,13,13,x,121,98.8499038164141,0.9999984675040242,0.9999985888430244,1,1,1,M,12
aff13_wu100k_m256_seed2,13,13,x,122,176.49663899825532,0.99999909673663,0.999997956565507,1,1,1,M,12
aff13_wu100k_m256_seed2,13,13,x,123,158.31824610950397,0.999998670919772,0.9999982120954061,1,1,1,M,12
aff13_wu100k_m256_seed2,13,13,x,124,143.30981211812178,0.9999998455420303,0.9999985511938818,1,1,1,M,12
aff13_wu100k_m256_seed2,13,13,x,125,181.61983626631283,0.9999982531134457,0.9999985831544261,1,1,1,M,12
aff13_wu100k_m256_seed2,13,13,x,126,121.274133054911,0.9999995765817744,0.9999980705330637,1,1,1,M,12
aff13_wu100k_m256_seed2,13,13,x,127,216.17930744711478,0.9999988308382772,0.9999986026255356,1,1,1,M,12
aff13_wu100k_m256_seed2,13,13,x,128,166.10392414771803,0.9999997779990338,0.9999982185867429,1,1,1,M,12
aff13_wu100k_m256_seed2,13,13,x,129,119.52211754557113,0.9999979344624033,0.9999980531619121,1,1,1,M,12
aff13_wu100k_m256_seed2,13,13,x,130,190.34171667689094,0.9999992008543583,0.9999982232179989,1,1,1,M,12
aff13_wu100k_m256_seed2,13,13,x,131,164.41327802367167,0.9999987295365668,0.9999987311195562,1,1,1,M,12
aff13_wu100k_m256_seed2,13,13,x,133,119.16802620037666,0.9999984576733039,0.9999982480621443,1,1,1,M,12
aff13_wu100k_m256_seed2,13,13,x,134,176.43936534815734,0.9999989733273749,0.9999985044596462,1,1,1,M,12
aff13_wu100k_m256_seed2,13,13,x,135,168.56955213801592,0.9999992832559217,0.9999984044498084,1,1,1,M,12
aff13_wu100k_m256_seed2,13,13,x,136,167.1502432100477,0.9999998813331711,0.9999981595330053,1,1,1,M,12
aff13_wu100k_m256_seed2,13,13,x,138,173.37529722300073,0.9999987272811047,0.9999985759854696,1,1,1,M,12
aff13_wu100k_m256_seed2,13,13,x,139,0.00019066729832612327,0.9019497965972666,0.999973384688852,1,1,1,1,1
aff13_wu100k_m256_seed2,13,13,x,140,126.80516623032344,0.9999982872110451,0.9999985907438683,1,1,1,M,12
aff13_wu100k_m256_seed2,13,13,x,141,180.0365956128584,0.9999994445590142,0.9999986512692421,1,1,1,M,12
aff13_wu100k_m256_seed2,13,13,x,142,118.56491796399064,0.9999988909463888,0.9999985017910882,1,1,1,M,12
aff13_wu100k_m256_seed2,13,13,x,144,185.31764806622883,0.999999580472807,0.9999978942822073,1,1,1,M,12
aff13_wu100k_m256_seed2,13,13,x,145,103.8296474383362,0.9999986676956425,0.9999982283146417,1,1,1,M,12
aff13_wu100k_m256_seed2,13,13,x,146,114.04519946863937,0.9999993617092146,0.9999981963730459,1,1,1,M,12
aff13_wu100k_m256_seed2,13,13,x,147,108.46021555187687,0.9999994380152466,0.999997991455136,1,1,1,M,12
aff13_wu100k_m256_seed2,13,13,x,148,150.72338400355582,0.9999985820820648,0.9999980795261876,1,1,1,M,12
aff13_wu100k_m256_seed2,13,13,x,149,123.20559314900673,0.9999979756866959,0.9999985554646297,1,1,1,M,12
aff13_wu100k_m256_seed2,13,13,x,150,185.86134198914607,0.9999978871874593,0.9999986003433075,1,1,1,M,12
aff13_wu100k_m256_seed2,13,13,x,151,135.54534048732722,0.9999990949889804,0.9999985262276575,1,1,1,M,12
aff13_wu100k_m256_seed2,13,13,x,152,176.22769971490254,0.9999985802661694,0.9999987123777994,1,1,1,M,12
aff13_wu100k_m256_seed2,13,13,x,154,115.63382890970118,0.9999991772929828,0.9999987525882155,1,1,1,M,12
aff13_wu100k_m256_seed2,13,13,x,155,218.5937946755154,0.999999218093963,0.9999975793652047,1,1,1,M,12
aff13_wu100k_m256_seed2,13,13,x,157,107.87785880089963,0.9999993402563288,0.9999985122610701,1,1,1,M,12
aff13_wu100k_m256_seed2,13,13,x,158,92.35698018798581,0.999999733453171,0.9999980153446241,1,1,1,M,12
aff13_wu100k_m256_seed2,13,13,x,161,115.60876446556065,0.9999978078620618,0.9999979603406612,1,1,1,M,12
aff13_wu100k_m256_seed2,13,13,x,162,128.310234437992,0.9999975781315797,0.9999975587908366,1,1,1,M,12
aff13_wu100k_m256_seed2,13,13,x,163,122.54970650967472,0.9999985162670608,0.9999987316577513,1,1,1,M,12
aff13_wu100k_m256_seed2,13,13,x,164,216.7172821294111,0.99999952523194,0.9999979235565485,1,1,1,M,12
aff13_wu100k_m256_seed2,13,13,x,165,162.27309026025105,0.9999990122135685,0.9999985124787115,1,1,1,M,12
aff13_wu100k_m256_seed2,13,13,x,166,123.57400103137239,0.9999966094261421,0.9999985230468474,1,1,1,M,12
aff13_wu100k_m256_seed2,13,13,x,167,139.73529850846168,0.9999982571102264,0.9999987099953613,1,1,1,M,12
aff13_wu100k_m256_seed2,13,13,x,169,114.7975478148777,0.999999602523882,0.9999981689323066,1,1,1,M,12
aff13_wu100k_m256_seed2,13,13,x,171,160.9916177170568,0.999999465182875,0.9999984592635445,1,1,1,M,12
aff13_wu100k_m256_seed2,13,13,x,172,166.017989929483,0.9999985457616204,0.9999975400486155,1,1,1,M,12
aff13_wu100k_m256_seed2,13,13,x,173,102.12749842942183,0.9999995274280158,0.9999985032681528,1,1,1,M,12
aff13_wu100k_m256_seed2,13,13,x,174,183.04880297610072,0.9999996904974383,0.9999984450613564,1,1,1,M,12
aff13_wu100k_m256_seed2,13,13,x,175,122.96601647199877,0.9999983236424868,0.9999975512499785,1,1,1,M,12
aff13_wu100k_m256_seed2,13,13,x,176,186.4342518151873,0.9999997804522007,0.9999974976098381,1,1,1,M,12
aff13_wu100k_m256_seed2,13,13,x,177,133.34731073882838,0.9999993133137574,0.9999981027571438,1,1,1,M,12
aff13_wu100k_m256_seed2,13,13,x,178,129.622113543019,0.9999981235775273,0.9999976291392358,1,1,1,M,12
aff13_wu100k_m256_seed2,13,13,x,180,137.96853047966593,0.9999996802571574,0.9999981069381548,1,1,1,M,12
aff13_wu100k_m256_seed2,13,13,x,181,182.71500790881976,0.9999993790140769,0.9999980700606256,1,1,1,M,12
aff13_wu100k_m256_seed2,13,13,x,182,151.4925681122695,0.9999985425011185,0.9999980989446984,1,1,1,M,12
aff13_wu100k_m256_seed2,13,13,x,183,164.47941027584596,0.9999989826474156,0.9999982527664538,1,1,1,M,12
aff13_wu100k_m256_seed2,13,13,x,184,169.78331303370558,0.999999381545,0.9999987694858125,1,1,1,M,12
aff13_wu100k_m256_seed2,13,13,x,185,123.55965920416293,0.9999989048078809,0.9999986336350102,1,1,1,M,12
aff13_wu100k_m256_seed2,13,13,x,186,144.21210931053645,0.9999987140756275,0.9999985738482887,1,1,1,M,12
aff13_wu100k_m256_seed2,13,13,x,187,105.78400969802608,0.9999998793601291,0.9999985073133717,1,1,1,M,12
aff13_wu100k_m256_seed2,13,13,x,188,141.38740677220244,0.9999994754900485,0.9999987472663855,1,1,1,M,12
aff13_wu100k_m256_seed2,13,13,x,189,170.0190051255234,0.9999991049509062,0.9999985981802191,1,1,1,M,12
aff13_wu100k_m256_seed2,13,13,x,190,110.17928065496577,0.9999986628180778,0.9999985808211136,1,1,1,M,12
aff13_wu100k_m256_seed2,13,13,x,191,217.9142520406183,0.9999992156668626,0.9999985092280315,1,1,1,M,12
aff13_wu100k_m256_seed2,13,13,x,192,110.29516884638194,0.9999997212874309,0.9999981358784692,1,1,1,M,12
aff13_wu100k_m256_seed2,13,13,x,193,217.99614294189993,0.999999666960157,0.9999984630677807,1,1,1,M,12
aff13_wu100k_m256_seed2,13,13,x,194,170.72412047118397,0.9999988342310834,0.9999986114963957,1,1,1,M,12
aff13_wu100k_m256_seed2,13,13,x,195,184.10781500944498,0.9999988880983609,0.9999980123818378,1,1,1,M,12
aff13_wu100k_m256_seed2,13,13,x,198,102.82165629576322,0.9999979153071188,0.9999987981899046,1,1,1,M,12
aff13_wu100k_m256_seed2,13,13,x,199,157.54830041767462,0.9999998070071477,0.9999985236825416,1,1,1,M,12
aff13_wu100k_m256_seed2,13,13,x,200,167.92109857806108,0.9999992584690134,0.9999985300640725,1,1,1,M,12
aff13_wu100k_m256_seed2,13,13,x,201,157.7796689108526,0.9999992321651469,0.9999979503747283,1,1,1,M,12
aff13_wu100k_m256_seed2,13,13,x,203,159.77002603805542,0.9999991556892314,0.9999980509813337,1,1,1,M,12
aff13_wu100k_m256_seed2,13,13,x,204,179.88909121990744,0.999999540075046,0.9999981337402448,1,1,1,M,12
aff13_wu100k_m256_seed2,13,13,x,206,222.62740195954328,0.9999987438746484,0.9999986067131873,1,1,1,M,12
aff13_wu100k_m256_seed2,13,13,x,207,182.6940791672826,0.9999988858658135,0.9999986117347931,1,1,1,M,12
aff13_wu100k_m256_seed2,13,13,x,209,101.82076130847463,0.999998690567224,0.999998231727457,1,1,1,M,12
aff13_wu100k_m256_seed2,13,13,x,210,160.16857500287549,0.9999994969489954,0.9999979163178824,1,1,1,M,12
aff13_wu100k_m256_seed2,13,13,x,211,186.52284484060053,0.9999991556617311,0.9999979574972164,1,1,1,M,12
aff13_wu100k_m256_seed2,13,13,x,212,113.46331615023956,0.9999966582657656,0.9999982501006851,1,1,1,M,12
aff13_wu100k_m256_seed2,13,13,x,213,108.75845861962647,0.999999725928083,0.9999980621322399,1,1,1,M,12
aff13_wu100k_m256_seed2,13,13,x,214,179.13096867636872,0.9999991931925621,0.9999980369915877,1,1,1,M,12
aff13_wu100k_m256_seed2,13,13,x,215,168.60625626898306,0.9999996141739066,0.9999986318345594,1,1,1,M,12
aff13_wu100k_m256_seed2,13,13,x,216,122.74000669406716,0.9999986217405806,0.9999985406361127,1,1,1,M,12
aff13_wu100k_m256_seed2,13,13,x,217,154.50836933495216,0.9999990640832251,0.9999987575967559,1,1,1,M,12
aff13_wu100k_m256_seed2,13,13,x,219,176.66075573052217,0.9999990044894477,0.999998599507949,1,1,1,M,12
aff13_wu100k_m256_seed2,13,13,x,221,169.56715230261526,0.999998448100373,0.9999984489605392,1,1,1,M,12
aff13_wu100k_m256_seed2,13,13,x,222,126.23891429974341,0.9999991343830991,0.9999984057915547,1,1,1,M,12
aff13_wu100k_m256_seed2,13,13,x,223,95.65346856774504,0.999998939579593,0.9999985632634759,1,1,1,M,12
aff13_wu100k_m256_seed2,13,13,x,224,180.51553901586144,0.9999993582780634,0.9999975422081925,1,1,1,M,12
aff13_wu100k_m256_seed2,13,13,x,225,113.5593731731113,0.9999988384686926,0.999998011911,1,1,1,M,12
aff13_wu100k_m256_seed2,13,13,x,227,119.5236674437322,0.9999994678951001,0.9999984324724325,1,1,1,M,12
aff13_wu100k_m256_seed2,13,13,x,229,142.63157798590802,0.9999998523316168,0.9999980530067967,1,1,1,M,12
aff13_wu100k_m256_seed2,13,13,x,230,164.89233866590658,0.9999993384189325,0.9999987664706772,1,1,1,M,12
aff13_wu100k_m256_seed2,13,13,x,232,149.18469156919383,0.9999994198010312,0.9999982607499721,1,1,1,M,12
aff13_wu100k_m256_seed2,13,13,x,233,170.27466446931012,0.9999997456132166,0.9999978948984238,1,1,1,M,12
aff13_wu100k_m256_seed2,13,13,x,234,168.15747417277186,0.9999990541999951,0.9999986969652028,1,1,1,M,12
aff13_wu100k_m256_seed2,13,13,x,235,164.75255837246465,0.9999994223826352,0.9999982093814929,1,1,1,M,12
aff13_wu100k_m256_seed2,13,13,x,236,105.87317861809282,0.9999989520912794,0.9999987342296041,1,1,1,M,12
aff13_wu100k_m256_seed2,13,13,x,237,126.0769647018519,0.9999990948202964,0.9999984784426682,1,1,1,M,12
aff13_wu100k_m256_seed2,13,13,x,238,190.21526046841308,0.9999996625579164,0.9999975136533118,1,1,1,M,12
aff13_wu100k_m256_seed2,13,13,x,241,166.21666727727396,0.9999991290603437,0.9999981892318238,1,1,1,M,12
aff13_wu100k_m256_seed2,13,13,x,242,138.2067485554348,0.9999997401968922,0.9999985053681096,1,1,1,M,12
aff13_wu100k_m256_seed2,13,13,x,243,117.691766640889,0.9999981900038858,0.9999985216145066,1,1,1,M,12
aff13_wu100k_m256_seed2,13,13,x,244,171.84211116251123,0.9999994802118014,0.9999985319987075,1,1,1,M,12
aff13_wu100k_m256_seed2,13,13,x,246,187.05018958825016,0.9999976793820411,0.9999986098663132,1,1,1,M,12
aff13_wu100k_m256_seed2,13,13,x,247,152.98151938211686,0.9999987088829786,0.9999985243502092,1,1,1,M,12
aff13_wu100k_m256_seed2,13,13,x,248,210.37290445475196,0.9999999021451726,0.9999984655746168,1,1,1,M,12
aff13_wu100k_m256_seed2,13,13,x,249,0.0005547592492477664,0.9208325907434276,0.999988699122095,1,1,1,1,1
aff13_wu100k_m256_seed2,13,13,x,250,157.2469504893114,0.9999991261989636,0.9999985029424835,1,1,1,M,12
aff13_wu100k_m256_seed2,13,13,x,251,176.41506657744358,0.9999980729015147,0.9999985800686987,1,1,1,M,12
aff13_wu100k_m256_seed2,13,13,x,252,167.1384014995342,0.9999994159293261,0.9999985491277416,1,1,1,M,12
aff13_wu100k_m256_seed2,13,13,x,253,120.04462567702468,0.9999979718802844,0.9999986439918871,1,1,1,M,12
aff13_wu100k_m256_seed2,13,13,x,254,202.72505563856956,0.9999995635208812,0.9999975174598915,1,1,1,M,12
aff13_wu100k_m256_seed2,13,13,x,255,180.75210895846317,0.9999991193490213,0.9999974796247633,1,1,1,M,12
aff13_wu100k_m256_seed2,13,13,y,0,88.99298910273785,0.9999974978109117,0.9999984197554598,1,M,12,1,1
aff13_wu100k_m256_seed2,13,13,y,1,170.61660745196565,0.9999997364595217,0.9999985463337437,1,M,12,1,1
aff13_wu100k_m256_seed2,13,13,y,2,168.58323851137197,0.9999992761932537,0.9999985314553022,1,M,12,1,1
aff13_wu100k_m256_seed2,13,13,y,3,0.0002657112522580717,0.9094623694491919,0.9999861692769418,1,1,1,1,1
aff13_wu100k_m256_seed2,13,13,y,4,128.4575125824096,0.999998360325552,0.9999985571087322,1,M,12,1,1
aff13_wu100k_m256_seed2,13,13,y,5,174.92030883756163,0.999998787879694,0.9999987203994593,1,M,12,1,1
aff13_wu100k_m256_seed2,13,13,y,6,104.35026738532272,0.9999994971575265,0.9999989186426137,1,M,12,1,1
aff13_wu100k_m256_seed2,13,13,y,9,132.6142101645433,0.9999985802406207,0.9999985512928303,1,M,12,1,1
aff13_wu100k_m256_seed2,13,13,y,10,97.1042647741255,0.9999992636569781,0.9999985256487546,1,M,12,1,1
aff13_wu100k_m256_seed2,13,13,y,11,124.12029349816214,0.9999990653691715,0.9999987218746744,1,M,12,1,1
aff13_wu100k_m256_seed2,13,13,y,12,119.65728843169792,0.9999987522148072,0.9999984920440527,1,M,12,1,1
aff13_wu100k_m256_seed2,13,13,y,13,147.62590988745768,0.9999978682723938,0.9999984933611039,1,M,12,1,1
aff13_wu100k_m256_seed2,13,13,y,14,158.18809190411335,0.9999996232823951,0.9999984600374872,1,M,12,1,1
aff13_wu100k_m256_seed2,13,13,y,15,105.87054981976256,0.9999999253067241,0.9999986622578413,1,M,12,1,1
aff13_wu100k_m256_seed2,13,13,y,16,192.47598295652895,0.9999995450438377,0.9999985536287662,1,M,12,1,1
aff13_wu100k_m256_seed2,13,13,y,17,120.89632229299178,0.999999764433339,0.9999984928806201,1,M,12,1,1
aff13_wu100k_m256_seed2,13,13,y,19,169.4777167342069,0.9999994405917559,0.999998529821025,1,M,12,1,1
aff13_wu100k_m256_seed2,13,13,y,21,230.77569031681605,0.9999994414283225,0.9999984688755764,1,M,12,1,1
aff13_wu100k_m256_seed2,13,13,y,22,104.56445928648003,0.9999987843484408,0.9999987102397228,1,M,12,1,1
aff13_wu100k_m256_seed2,13,13,y,23,228.16129645027527,0.999999791847529,0.9999985927171353,1,M,12,1,1
aff13_wu100k_m256_seed2,13,13,y,24,205.09106524503207,0.9999974753457259,0.999998434820897,1,M,12,1,1
aff13_wu100k_m256_seed2,13,13,y,25,177.52269255784256,0.9999990885989571,0.9999985709083714,1,M,12,1,1
aff13_wu100k_m256_seed2,13,13,y,27,137.22960234020155,0.9999998994881686,0.9999988625107615,1,M,12,1,1
aff13_wu100k_m256_seed2,13,13,y,29,168.00656259420032,0.9999986021737851,0.9999985710610468,1,M,12,1,1
aff13_wu100k_m256_seed2,13,13,y,30,182.68959654000224,0.9999993177728975,0.9999985392688244,1,M,12,1,1
aff13_wu100k_m256_seed2,13,13,y,32,182.95070570970213,0.9999995361442108,0.999998750190878,1,M,12,1,1
aff13_wu100k_m256_seed2,13,13,y,33,115.9809102587496,0.9999991478668628,0.9999985702094104,1,M,12,1,1
aff13_wu100k_m256_seed2,13,13,y,34,166.09400491053879,0.9999974469311077,0.9999987028591103,1,M,12,1,1
aff13_wu100k_m256_seed2,13,13,y,35,121.2273080347475,0.9999989428137782,0.9999988809839023,1,M,12,1,1
aff13_wu100k_m256_seed2,13,13,y,36,101.81505660228704,0.9999990900127677,0.9999987539679431,1,M,12,1,1
aff13_wu100k_m256_seed2,13,13,y,37,152.31441314549758,0.9999997875254675,0.9999984571130618,1,M,12,1,1
aff13_wu100k_m256_seed2,13,13,y,38,127.69835321954899,0.9999993734086565,0.9999987897392887,1,M,12,1,1
aff13_wu100k_m256_seed2,13,13,y,39,189.87415229893602,0.9999988668287981,0.9999988072840088,1,M,12,1,1
aff13_wu100k_m256_seed2,13,13,y,40,180.657660322465,0.999999363230115,0.9999984599564601,1,M,12,1,1
aff13_wu100k_m256_seed2,13,13,y,41,117.277866412369,0.9999997732434713,0.9999988822208713,1,M,12,1,1
aff13_wu100k_m256_seed2,13,13,y,42,164.69560704826733,0.9999998090277709,0.9999984834129914,1,M,12,1,1
aff13_wu100k_m256_seed2,13,13,y,43,180.66417629082827,0.9999992647254052,0.9999986261009867,1,M,12,1,1
aff13_wu100k_m256_seed2,13,13,y,44,111.58435065336968,0.9999993238918359,0.9999989209234672,1,M,12,1,1
aff13_wu100k_m256_seed2,13,13,y,45,121.10858023431156,0.9999992339485547,0.9999984375805417,1,M,12,1,1
aff13_wu100k_m256_seed2,13,13,y,47,221.61454108100122,0.9999997481277333,0.9999985268261739,1,M,12,1,1
aff13_wu100k_m256_seed2,13,13,y,48,175.04137968361783,0.9999986159859037,0.9999987812453989,1,M,12,1,1
aff13_wu100k_m256_seed2,13,13,y,50,164.3004360959834,0.9999989199482899,0.9999985829509128,1,M,12,1,1
aff13_wu100k_m256_seed2,13,13,y,51,117.08753562064985,0.9999986892542332,0.9999985067413328,1,M,12,1,1
aff13_wu100k_m256_seed2,13,13,y,52,131.26609675792298,0.999998675578144,0.9999985776063617,1,M,12,1,1
aff13_wu100k_m256_seed2,13,13,y,53,169.65103536711075,0.9999997244034824,0.9999987826432847,1,M,12,1,1
aff13_wu100k_m256_seed2,13,13,y,54,120.62124405915581,0.9999984710273487,0.9999984819465436,1,M,12,1,1
aff13_wu100k_m256_seed2,13,13,y,55,152.06591067959533,0.9999991587552736,0.9999986060264363,1,M,12,1,1
aff13_wu100k_m256_seed2,13,13,y,56,171.69963523734106,0.9999984394256151,0.9999988554612732,1,M,12,1,1
aff13_wu100k_m256_seed2,13,13,y,58,116.1404861610881,0.9999991078053783,0.9999988905276123,1,M,12,1,1
aff13_wu100k_m256_seed2,13,13,y,59,184.15780253680612,0.9999991065550651,0.999998546136878,1,M,12,1,1
aff13_wu100k_m256_seed2,13,13,y,60,196.87381518638088,0.9999993544656973,0.9999987582762372,1,M,12,1,1
aff13_wu100k_m256_seed2,13,13,y,61,131.75766255923392,0.9999991095113366,0.9999987870607387,1,M,12,1,1
aff13_wu100k_m256_seed2,13,13,y,62,217.4744222872786,0.9999995510187145,0.999998536950375,1,M,12,1,1
aff13_wu100k_m256_seed2,13,13,y,63,140.7491269972484,0.9999996152554683,0.9999987908968822,1,M,12,1,1
aff13_wu100k_m256_seed2,13,13,y,64,99.87630995088149,0.9999994228032646,0.999998628479105,1,M,12,1,1
aff13_wu100k_m256_seed2,13,13,y,67,161.53883524329478,0.9999997327555743,0.9999987706038809,1,M,12,1,1
aff13_wu100k_m256_seed2,13,13,y,69,161.31222314156662,0.9999996543355839,0.9999988814144253,1,M,12,1,1
aff13_wu100k_m256_seed2,13,13,y,70,127.7821576857975,0.9999991620911756,0.9999984618953215,1,M,12,1,1
aff13_wu100k_m256_seed2,13,13,y,71,130.55005440445953,0.9999987911932855,0.9999984404907551,1,M,12,1,1
aff13_wu100k_m256_seed2,13,13,y,72,116.2390284489655,0.9999996201864171,0.9999984513412796,1,M,12,1,1
aff13_wu100k_m256_seed2,13,13,y,74,203.46144081339241,0.9999994060965199,0.9999987154952691,1,M,12,1,1
aff13_wu100k_m256_seed2,13,13,y,75,172.8523048704521,0.9999991140404594,0.9999986422662591,1,M,12,1,1
aff13_wu100k_m256_seed2,13,13,y,76,169.63008546534166,0.9999982184784263,0.9999985689416854,1,M,12,1,1
aff13_wu100k_m256_seed2,13,13,y,77,145.2272220828011,0.9999995922729009,0.9999984802006506,1,M,12,1,1
aff13_wu100k_m256_seed2,13,13,y,78,177.27234672696588,0.9999998052673947,0.9999984863866918,1,M,12,1,1
aff13_wu100k_m256_seed2,13,13,y,79,157.82523611831823,0.9999991327797509,0.9999985408862697,1,M,12,1,1
aff13_wu100k_m256_seed2,13,13,y,80,0.00014368180125185617,0.9419655242568992,0.9999841035226165,1,1,1,1,1
aff13_wu100k_m256_seed2,13,13,y,81,174.16883865921417,0.9999997388797771,0.9999984483712557,1,M,12,1,1
aff13_wu100k_m256_seed2,13,13,y,82,150.44831085096627,0.9999992811558177,0.9999985688385158,1,M,12,1,1
aff13_wu100k_m256_seed2,13,13,y,83,101.16833655320094,0.9999984606328507,0.9999988730520339,1,M,12,1,1
aff13_wu100k_m256_seed2,13,13,y,84,178.94308343019634,0.9999992233425804,0.9999985642775495,1,M,12,1,1
aff13_wu100k_m256_seed2,13,13,y,85,95.49218784521128,0.9999982042647316,0.9999984980164788,1,M,12,1,1
aff13_wu100k_m256_seed2,13,13,y,86,97.43934355659462,0.9999996801598425,0.9999986563426448,1,M,12,1,1
aff13_wu100k_m256_seed2,13,13,y,88,103.80101767332448,0.9999980405161161,0.99999855469322,1,M,12,1,1
aff13_wu100k_m256_seed2,13,13,y,89,228.9732288991521,0.9999994112504444,0.9999988324819903,1,M,12,1,1
aff13_wu100k_m256_seed2,13,13,y,90,158.01065092943736,0.9999993496549726,0.9999984728790018,1,M,12,1,1
aff13_wu100k_m256_seed2,13,13,y,91,172.49408868998833,0.9999998867586781,0.9999989031908284,1,M,12,1,1
aff13_wu100k_m256_seed2,13,13,y,92,120.28593733017509,0.9999995887088085,0.9999984657622771,1,M,12,1,1
aff13_wu100k_m256_seed2,13,13,y,93,125.9837940361132,0.999999314138941,0.9999985627107748,1,M,12,1,1
aff13_wu100k_m256_seed2,13,13,y,94,172.57710882417328,0.999999130993838,0.9999985080208432,1,M,12,1,1
aff13_wu100k_m256_seed2,13,13,y,95,103.12736242889589,0.999998636370221,0.9999987111812253,1,M,12,1,1
aff13_wu100k_m256_seed2,13,13,y,96,192.5518838651082,0.9999986657979199,0.9999985597582247,1,M,12,1,1
aff13_wu100k_m256_seed2,13,13,y,97,126.42290454325453,0.9999998309953083,0.9999984912480072,1,M,12,1,1
aff13_wu100k_m256_seed2,13,13,y,98,101.78454701617952,0.9999991404050688,0.9999987165483726,1,M,12,1,1
aff13_wu100k_m256_seed2,13,13,y,99,159.23090421454648,0.9999994448716518,0.9999985620067017,1,M,12,1,1
aff13_wu100k_m256_seed2,13,13,y,100,128.2520589034793,0.9999996743853524,0.9999988599749122,1,M,12,1,1
aff13_wu100k_m256_seed2,13,13,y,101,158.21836583995233,0.9999996911165275,0.9999984798355387,1,M,12,1,1
aff13_wu100k_m256_seed2,13,13,y,102,183.20891060395152,0.9999996356856129,0.9999986958283271,1,M,12,1,1
aff13_wu100k_m256_seed2,13,13,y,104,140.12078265228635,0.9999977013622654,0.9999984662344693,1,M,12,1,1
aff13_wu100k_m256_seed2,13,13,y,106,111.47221189633642,0.9999995227993451,0.9999987315090687,1,M,12,1,1
aff13_wu100k_m256_seed2,13,13,y,107,130.64800429067768,0.9999996463919509,0.9999987876327675,1,M,12,1,1
aff13_wu100k_m256_seed2,13,13,y,108,119.55093557189389,0.9999992463620335,0.9999985676629084,1,M,12,1,1
aff13_wu100k_m256_seed2,13,13,y,110,107.68762624134237,0.9999959214133407,0.999998432187619,1,M,12,1,1
aff13_wu100k_m256_seed2,13,13,y,112,170.22538636554265,0.9999993509260582,0.999998887814932,1,M,12,1,1
aff13_wu100k_m256_seed2,13,13,y,113,149.3200949957106,0.9999988153078886,0.9999984447682225,1,M,12,1,1
aff13_wu100k_m256_seed2,13,13,y,114,117.8008953058185,0.9999985972601173,0.999998570634467,1,M,12,1,1
aff13_wu100k_m256_seed2,13,13,y,115,102.5542091847925,0.9999998626887125,0.9999987653165652,1,M,12,1,1
aff13_wu100k_m256_seed2,13,13,y,116,111.76023276829964,0.9999996006851823,0.9999988682510027,1,M,12,1,1
aff13_wu100k_m256_seed2,13,13,y,117,106.1497729938894,0.9999993332325164,0.9999987456766402,1,M,12,1,1
aff13_wu100k_m256_seed2,13,13,y,118,171.9006030928968,0.99999876397887,0.9999987393032835,1,M,12,1,1
aff13_wu100k_m256_seed2,13,13,y,119,118.28784290613181,0.9999995926192228,0.9999985162342181,1,M,12,1,1
aff13_wu100k_m256_seed2,13,13,y,120,181.21093091878313,0.9999998774142661,0.9999988199301447,1,M,12,1,1
aff13_wu100k_m256_seed2,13,13,y,121,98.39470607782329,0.9999996818458093,0.999998486649026,1,M,12,1,1
aff13_wu100k_m256_seed2,13,13,y,122,175.24277669394104,0.9999976317674703,0.9999985032217068,1,M,12,1,1
aff13_wu100k_m256_seed2,13,13,y,123,157.1810221008236,0.9999990526382647,0.9999985435332285,1,M,12,1,1
aff13_wu100k_m256_seed2,13,13,y,124,143.01861319194106,0.9999975522272598,0.9999984685967954,1,M,12,1,1
aff13_wu100k_m256_seed2,13,13,y,125,180.17383025171972,0.9999995224960189,0.9999988043583382,1,M,12,1,1
aff13_wu100k_m256_seed2,13,13,y,126,120.46620392595776,0.9999989266351516,0.9999985670085633,1,M,12,1,1
aff13_wu100k_m256_seed2,13,13,y,127,214.95300074263616,0.999998541494368,0.9999987454513343,1,M,12,1,1
aff13_wu100k_m256_seed2,13,13,y,128,165.04471461563338,0.9999990087381014,0.9999984954023475,1,M,12,1,1
aff13_wu100k_m256_seed2,13,13,y,129,118.54639187838207,0.9999996883384341,0.9999988831970037,1,M,12,1,1
aff13_wu100k_m256_seed2,13,13,y,130,189.156024212569,0.9999999326223488,0.9999988069215489,1,M,12,1,1
aff13_wu100k_m256_seed2,13,13,y,131,163.55074973132827,0.999998656300389,0.9999987045245085,1,M,12,1,1
aff13_wu100k_m256_seed2,13,13,y,133,118.4017964638101,0.9999984162609847,0.9999987697492514,1,M,12,1,1
aff13_wu100k_m256_seed2,13,13,y,134,174.9416349934562,0.9999986639904057,0.9999984712296636,1,M,12,1,1
aff13_wu100k_m256_seed2,13,13,y,135,167.44801820379644,0.9999997499778176,0.999998742531991,1,M,12,1,1
aff13_wu100k_m256_seed2,13,13,y,136,165.7790597268241,0.9999994767951143,0.9999987122628543,1,M,12,1,1
aff13_wu100k_m256_seed2,13,13,y,138,172.35540542126154,0.9999972277906626,0.9999985697803356,1,M,12,1,1
aff13_wu100k_m256_seed2,13,13,y,140,125.48219121850812,0.9999974714226677,0.9999986072779948,1,M,12,1,1
aff13_wu100k_m256_seed2,13,13,y,141,179.8853429768089,0.9999997094663794,0.999998450201505,1,M,12,1,1
aff13_wu100k_m256_seed2,13,13,y,142,117.66914796502317,0.9999988435448175,0.9999987345077732,1,M,12,1,1
aff13_wu100k_m256_seed2,13,13,y,144,184.20311194982781,0.9999996912694326,0.999998491394341,1,M,12,1,1
aff13_wu100k_m256_seed2,13,13,y,145,103.08416797628202,0.9999978718631238,0.9999987253645986,1,M,12,1,1
aff13_wu100k_m256_seed2,13,13,y,146,113.49405479287894,0.9999983662778841,0.999998477257505,1,M,12,1,1
aff13_wu100k_m256_seed2,13,13,y,147,107.87702625147537,0.9999992180569914,0.999998893607556,1,M,12,1,1
aff13_wu100k_m256_seed2,13,13,y,148,149.6396533369513,0.9999993600539268,0.9999987282543155,1,M,12,1,1
aff13_wu100k_m256_seed2,13,13,y,149,122.29623030935308,0.999998541163701,0.9999986048551143,1,M,12,1,1
aff13_wu100k_m256_seed2,13,13,y,150,185.1416528394586,0.9999993872507905,0.9999984800894662,1,M,12,1,1
aff13_wu100k_m256_seed2,13,13,y,151,134.52430952015624,0.9999994746220567,0.9999988220880774,1,M,12,1,1
aff13_wu100k_m256_seed2,13,13,y,152,175.2437417992539,0.9999996747581048,0.9999985362050694,1,M,12,1,1
aff13_wu100k_m256_seed2,13,13,y,154,115.16576878633714,0.9999991404222186,0.9999988251994953,1,M,12,1,1
aff13_wu100k_m256_seed2,13,13,y,155,217.5541073240918,0.9999995781904115,0.9999985697085731,1,M,12,1,1
aff13_wu100k_m256_seed2,13,13,y,157,107.1435501750447,0.9999986590773124,0.9999987442712499,1,M,12,1,1
aff13_wu100k_m256_seed2,13,13,y,158,91.58198035530421,0.9999995899888048,0.9999984469616818,1,M,12,1,1
aff13_wu100k_m256_seed2,13,13,y,161,114.90436692658665,0.9999995614262502,0.999998565783774,1,M,12,1,1
aff13_wu100k_m256_seed2,13,13,y,162,127.1714441723636,0.9999982057488361,0.9999985522757578,1,M,12,1,1
aff13_wu100k_m256_seed2,13,13,y,163,121.4467201334278,0.9999988102981914,0.999998752818176,1,M,12,1,1
aff13_wu100k_m256_seed2,13,13,y,164,215.23960682104422,0.9999992288309164,0.999998718066791,1,M,12,1,1
aff13_wu100k_m256_seed2,13,13,y,165,161.05910541665216,0.9999994642198007,0.9999987245722329,1,M,12,1,1
aff13_wu100k_m256_seed2,13,13,y,166,122.30342836435396,0.9999996059592972,0.9999988577488833,1,M,12,1,1
aff13_wu100k_m256_seed2,13,13,y,167,138.49700473556,0.9999992354008324,0.9999985633001455,1,M,12,1,1
aff13_wu100k_m256_seed2,13,13,y,169,113.65539691959601,0.9999988088618625,0.9999987006580533,1,M,12,1,1
aff13_wu100k_m256_seed2,13,13,y,171,159.95445212958327,0.9999998330108236,0.9999984736692811,1,M,12,1,1
aff13_wu100k_m256_seed2,13,13,y,172,164.49190735451015,0.9999997356173291,0.9999984977818739,1,M,12,1,1
aff13_wu100k_m256_seed2,13,13,y,173,102.06791200172202,0.9999987254097972,0.9999986372088645,1,M,12,1,1
aff13_wu100k_m256_seed2,13,13,y,174,182.04231702688364,0.9999991978534813,0.9999985316746387,1,M,12,1,1
aff13_wu100k_m256_seed2,13,13,y,175,122.38101825605345,0.9999992928370112,0.999998553947693,1,M,12,1,1
aff13_wu100k_m256_seed2,13,13,y,176,185.18667000332806,0.9999994573791616,0.9999984721116808,1,M,12,1,1
aff13_wu100k_m256_seed2,13,13,y,177,132.6522870281771,0.9999994138431745,0.9999984539277703,1,M,12,1,1
aff13_wu100k_m256_seed2,13,13,y,178,129.15885358882227,0.9999990870337429,0.9999984612253133,1,M,12,1,1
aff13_wu100k_m256_seed2,13,13,y,180,137.33034507221691,0.9999993549087397,0.9999984462970667,1,M,12,1,1
aff13_wu100k_m256_seed2,13,13,y,181,181.13136288221284,0.9999981259152142,0.9999988008820778,1,M,12,1,1
aff13_wu100k_m256_seed2,13,13,y,182,150.41978988122995,0.9999986022893074,0.9999984863443571,1,M,12,1,1
aff13_wu100k_m256_seed2,13,13,y,183,163.06064382853026,0.9999985877143243,0.999998726006406,1,M,12,1,1
aff13_wu100k_m256_seed2,13,13,y,184,168.7082856284105,0.9999993277967221,0.9999988770217271,1,M,12,1,1
aff13_wu100k_m256_seed2,13,13,y,185,122.4137300726606,0.9999984049698847,0.9999984758858148,1,M,12,1,1
aff13_wu100k_m256_seed2,13,13,y,186,143.2976339376669,0.9999996314040954,0.9999984604845807,1,M,12,1,1
aff13_wu100k_m256_seed2,13,13,y,187,105.25444689831829,0.9999981491212536,0.9999987092610257,1,M,12,1,1
aff13_wu100k_m256_seed2,13,13,y,188,140.56150104152607,0.9999977898244576,0.9999987905523412,1,M,12,1,1
aff13_wu100k_m256_seed2,13,13,y,189,169.4253530414881,0.9999989559306107,0.9999988622836877,1,M,12,1,1
aff13_wu100k_m256_seed2,13,13,y,190,109.49414909355778,0.99999890892579,0.9999984716958136,1,M,12,1,1
aff13_wu100k_m256_seed2,13,13,y,191,216.23973348918386,0.9999994294856267,0.999998721137731,1,M,12,1,1
aff13_wu100k_m256_seed2,13,13,y,192,109.66439056464387,0.9999991277802502,0.9999987155539944,1,M,12,1,1
aff13_wu100k_m256_seed2,13,13,y,193,216.73197405299032,0.9999994598403553,0.9999986224834119,1,M,12,1,1
aff13_wu100k_m256_seed2,13,13,y,194,170.01160740937692,0.9999997389805875,0.9999984533851723,1,M,12,1,1
aff13_wu100k_m256_seed2,13,13,y,195,183.0191218786406,0.9999990224569295,0.999998554539873,1,M,12,1,1
aff13_wu100k_m256_seed2,13,13,y,198,102.47653043349743,0.999998133452982,0.9999985314977043,1,M,12,1,1
aff13_wu100k_m256_seed2,13,13,y,199,156.45299122629277,0.9999984015264407,0.9999984141299179,1,M,12,1,1
aff13_wu100k_m256_seed2,13,13,y,200,166.77041218893783,0.999999324609898,0.9999987073182065,1,M,12,1,1
aff13_wu100k_m256_seed2,13,13,y,201,157.4122291388423,0.9999994630882857,0.9999984906735596,1,M,12,1,1
aff13_wu100k_m256_seed2,13,13,y,203,158.3101500025072,0.9999996346831377,0.9999986882051188,1,M,12,1,1
aff13_wu100k_m256_seed2,13,13,y,204,178.44525398242666,0.9999996407087276,0.9999985634863021,1,M,12,1,1
aff13_wu100k_m256_seed2,13,13,y,206,221.000134835526,0.9999991634012454,0.9999986454584657,1,M,12,1,1
aff13_wu100k_m256_seed2,13,13,y,207,181.46525699070034,0.9999996650426402,0.9999988107775888,1,M,12,1,1
aff13_wu100k_m256_seed2,13,13,y,209,100.92274309776685,0.9999993824637067,0.9999985375006505,1,M,12,1,1
aff13_wu100k_m256_seed2,13,13,y,210,159.15587668879368,0.9999980932293855,0.9999984642129609,1,M,12,1,1
aff13_wu100k_m256_seed2,13,13,y,211,185.05353053095777,0.9999989405647756,0.999998545127166,1,M,12,1,1
aff13_wu100k_m256_seed2,13,13,y,212,112.81485426103285,0.9999994682640516,0.9999985649120958,1,M,12,1,1
aff13_wu100k_m256_seed2,13,13,y,213,108.1989025830003,0.9999990863403551,0.9999985889821714,1,M,12,1,1
aff13_wu100k_m256_seed2,13,13,y,214,178.31064195287829,0.9999974969880734,0.9999987331468912,1,M,12,1,1
aff13_wu100k_m256_seed2,13,13,y,215,167.35656811557075,0.9999991110400519,0.9999985246654617,1,M,12,1,1
aff13_wu100k_m256_seed2,13,13,y,216,121.81954591365566,0.999998935475559,0.9999985342722604,1,M,12,1,1
aff13_wu100k_m256_seed2,13,13,y,217,153.58510929275673,0.9999996621442758,0.9999987101657443,1,M,12,1,1
aff13_wu100k_m256_seed2,13,13,y,219,175.3185691570583,0.9999986129740143,0.9999989045291093,1,M,12,1,1
aff13_wu100k_m256_seed2,13,13,y,221,168.4772895625586,0.9999993780996002,0.9999987847022062,1,M,12,1,1
aff13_wu100k_m256_seed2,13,13,y,222,125.16823554535492,0.9999985788140447,0.9999985551679016,1,M,12,1,1
aff13_wu100k_m256_seed2,13,13,y,223,95.17682086982656,0.9999985302294325,0.9999985198845498,1,M,12,1,1
aff13_wu100k_m256_seed2,13,13,y,224,179.34184374411078,0.9999994372422056,0.9999987180313614,1,M,12,1,1
aff13_wu100k_m256_seed2,13,13,y,225,112.72740574865576,0.9999992586867978,0.9999985546448746,1,M,12,1,1
aff13_wu100k_m256_seed2,13,13,y,227,118.43934071540018,0.9999988494274212,0.999998469811258,1,M,12,1,1
aff13_wu100k_m256_seed2,13,13,y,229,141.26397478618173,0.999999837430762,0.9999985694505511,1,M,12,1,1
aff13_wu100k_m256_seed2,13,13,y,230,164.41919165404718,0.9999985757819121,0.9999987988469091,1,M,12,1,1
aff13_wu100k_m256_seed2,13,13,y,232,148.10135847749206,0.999999511182042,0.9999984531807904,1,M,12,1,1
aff13_wu100k_m256_seed2,13,13,y,233,169.15905493443475,0.999999781309542,0.9999988914015996,1,M,12,1,1
aff13_wu100k_m256_seed2,13,13,y,234,167.27086248961044,0.9999996474096754,0.9999985698667329,1,M,12,1,1
aff13_wu100k_m256_seed2,13,13,y,235,163.53897416218,0.9999991797106312,0.9999987742170398,1,M,12,1,1
aff13_wu100k_m256_seed2,13,13,y,236,105.13671718758323,0.9999998584257791,0.9999986740493173,1,M,12,1,1
aff13_wu100k_m256_seed2,13,13,y,237,125.77692619096216,0.999999176843541,0.9999987848690555,1,M,12,1,1
aff13_wu100k_m256_seed2,13,13,y,238,188.8798448157778,0.9999992622796063,0.9999985046700234,1,M,12,1,1
aff13_wu100k_m256_seed2,13,13,y,241,165.07406858798097,0.9999988412470131,0.9999984708326695,1,M,12,1,1
aff13_wu100k_m256_seed2,13,13,y,242,137.2210079475343,0.9999993219002694,0.9999984814125938,1,M,12,1,1
aff13_wu100k_m256_seed2,13,13,y,243,116.4937793682377,0.9999998908783533,0.9999985103126576,1,M,12,1,1
aff13_wu100k_m256_seed2,13,13,y,244,170.61439180907223,0.9999996658964314,0.9999988169414692,1,M,12,1,1
aff13_wu100k_m256_seed2,13,13,y,246,186.3088310037,0.9999994064775903,0.9999984876972657,1,M,12,1,1
aff13_wu100k_m256_seed2,13,13,y,247,151.99912406341446,0.9999984196916422,0.9999987074479049,1,M,12,1,1
aff13_wu100k_m256_seed2,13,13,y,248,209.1809442455216,0.9999996912787107,0.9999988465368634,1,M,12,1,1
aff13_wu100k_m256_seed2,13,13,y,250,156.50782068612583,0.9999992543311398,0.9999985275202445,1,M,12,1,1
aff13_wu100k_m256_seed2,13,13,y,251,175.6746758560311,0.9999996307797844,0.999998549184535,1,M,12,1,1
aff13_wu100k_m256_seed2,13,13,y,252,166.28367923470117,0.9999994434584176,0.9999984936524209,1,M,12,1,1
aff13_wu100k_m256_seed2,13,13,y,253,119.19365024134902,0.9999997825615432,0.9999984464106378,1,M,12,1,1
aff13_wu100k_m256_seed2,13,13,y,254,201.26921141580726,0.9999995572137012,0.9999987006593986,1,M,12,1,1
aff13_wu100k_m256_seed2,13,13,y,255,179.18620156816053,0.9999996745389669,0.99999882060056,1,M,12,1,1
