run,n,block,dim,n_cols,energy_share,F_plain,F_twist,F_both,med_alpha_plain,med_alpha_twist,plain_side,twist_side,verdict,energy_by_block,frac_block_dominant
randinit_aff11_seed1,11,11,10,181,0.7070820117754236,0.0,0.0,0.0,0.18002752701674185,0.27064180532352716,l:0.49 r:0.51,l:0.52 r:0.48,neither,d11:1.00,0.7070820117754236
randinit_aff11_seed2,11,11,10,175,0.6821494132330173,0.0,0.0,0.0,0.1777935840216918,0.2772983370451621,l:0.59 r:0.41,l:0.51 r:0.49,neither,d11:1.00,0.6821494132330173
randinit_aff11_seed3,11,11,10,188,0.730267263124157,0.0,0.0,0.0,0.1798662404427392,0.2711159007727657,l:0.51 r:0.49,l:0.50 r:0.50,neither,d11:1.00,0.730267263124157
randinit_aff11_seed4,11,11,10,175,0.679177279816142,0.0,0.0,0.0,0.17789698980090235,0.27463713827884684,l:0.48 r:0.52,l:0.51 r:0.49,neither,d11:1.00,0.679177279816142
randinit_aff11_seed5,11,11,10,177,0.6924784858903951,0.0,0.0,0.0,0.1762143391554701,0.27180378540967953,l:0.54 r:0.46,l:0.48 r:0.52,neither,d11:1.00,0.6924784858903951
randinit_aff11_seed6,11,11,10,185,0.7210672596302967,0.0,0.0,0.0,0.18014858415000695,0.27554445471950867,l:0.54 r:0.46,l:0.48 r:0.52,neither,d11:1.00,0.7210672596302967
randinit_aff11_seed7,11,11,10,182,0.7128703704860042,0.0,0.0,0.0,0.18086593830751274,0.26818133661105437,l:0.60 r:0.40,l:0.54 r:0.46,neither,d11:1.00,0.7128703704860042
randinit_aff11_seed8,11,11,10,184,0.7156445157663552,0.0,0.0,0.0,0.18378626522755162,0.27042047300898386,l:0.46 r:0.54,l:0.52 r:0.48,neither,d11:1.00,0.7156445157663552
randinit_aff11_seed9,11,11,10,178,0.6998771427709991,0.0,0.0,0.0,0.1837224378976785,0.27676069914334983,l:0.48 r:0.52,l:0.47 r:0.53,neither,d11:1.00,0.6998771427709991
randinit_aff11_seed10,11,11,10,168,0.6516587947404932,0.0,0.0,0.0,0.180345107342595,0.26935827329281625,l:0.50 r:0.50,l:0.55 r:0.45,neither,d11:1.00,0.6516587947404932
randinit_aff13_seed1,13,13,12,209,0.8147532311136029,0.0,0.0,0.0,0.14612583077906496,0.22926975951886513,l:0.58 r:0.42,l:0.53 r:0.47,neither,d13:1.00,0.8147532311136029
randinit_aff13_seed2,13,13,12,214,0.8369568182120266,0.0,0.0,0.0,0.1430217402180258,0.2300245867607858,l:0.49 r:0.51,l:0.47 r:0.53,neither,d13:1.00,0.8369568182120266
randinit_aff13_seed3,13,13,12,208,0.8151953966758224,0.0,0.0,0.0,0.14985859994783798,0.2291106620868111,l:0.51 r:0.49,l:0.49 r:0.51,neither,d13:1.00,0.8151953966758224
randinit_aff13_seed4,13,13,12,222,0.8657408817765874,0.0,0.0,0.0,0.14583181069859374,0.22832561862568818,l:0.53 r:0.47,l:0.53 r:0.47,neither,d13:1.00,0.8657408817765874
randinit_aff13_seed5,13,13,12,217,0.8455434362839462,0.0,0.0,0.0,0.1486085935018242,0.22705778079689026,l:0.46 r:0.54,l:0.53 r:0.47,neither,d13:1.00,0.8455434362839462
randinit_aff13_seed6,13,13,12,224,0.8745837362055785,0.0,0.0,0.0,0.14795094657376848,0.22635573394420858,l:0.54 r:0.46,l:0.55 r:0.45,neither,d13:1.00,0.8745837362055785
randinit_aff13_seed7,13,13,12,221,0.8583585669710453,0.0,0.0,0.0,0.14905103560107766,0.2302768481230427,l:0.45 r:0.55,l:0.44 r:0.56,neither,d13:1.00,0.8583585669710453
randinit_aff13_seed8,13,13,12,222,0.8671116440898149,0.0,0.0,0.0,0.14929643627352154,0.22759656254194188,l:0.48 r:0.52,l:0.53 r:0.47,neither,d13:1.00,0.8671116440898149
randinit_aff13_seed9,13,13,12,217,0.8471007498468006,0.0,0.0,0.0,0.14792379722013305,0.2257982507214554,l:0.49 r:0.51,l:0.50 r:0.50,neither,d13:1.00,0.8471007498468006
randinit_aff13_seed10,13,13,12,217,0.84693102606152,0.0,0.0,0.0,0.14873325332636497,0.23069238638026598,l:0.51 r:0.49,l:0.46 r:0.54,neither,d13:1.00,0.84693102606152
randinit_aff15_seed1,15,5,4,0,0.0,,,,,,,,empty,,
randinit_aff15_seed1,15,15,8,0,0.0,,,,,,,,empty,d0:0.00 d15:1.00,0.0
randinit_aff15_seed2,15,5,4,0,0.0,,,,,,,,empty,,
randinit_aff15_seed2,15,15,8,0,0.0,,,,,,,,empty,d15:1.00,0.0
randinit_aff15_seed3,15,5,4,0,0.0,,,,,,,,empty,,
randinit_aff15_seed3,15,15,8,0,0.0,,,,,,,,empty,d15:1.00,0.0
randinit_aff15_seed4,15,5,4,0,0.0,,,,,,,,empty,,
randinit_aff15_seed4,15,15,8,0,0.0,,,,,,,,empty,d15:1.00,0.0
randinit_aff15_seed5,15,5,4,0,0.0,,,,,,,,empty,,
randinit_aff15_seed5,15,15,8,0,0.0,,,,,,,,empty,d15:1.00,0.0
randinit_aff15_seed6,15,5,4,0,0.0,,,,,,,,empty,,
randinit_aff15_seed6,15,15,8,0,0.0,,,,,,,,empty,d15:1.00,0.0
randinit_aff15_seed7,15,5,4,0,0.0,,,,,,,,empty,,
randinit_aff15_seed7,15,15,8,0,0.0,,,,,,,,empty,d15:1.00,0.0
randinit_aff15_seed8,15,5,4,0,0.0,,,,,,,,empty,,
randinit_aff15_seed8,15,15,8,0,0.0,,,,,,,,empty,d15:1.00,0.0
randinit_aff15_seed9,15,5,4,0,0.0,,,,,,,,empty,,
randinit_aff15_seed9,15,15,8,0,0.0,,,,,,,,empty,d15:1.00,0.0
randinit_aff15_seed10,15,5,4,0,0.0,,,,,,,,empty,,
randinit_aff15_seed10,15,15,8,0,0.0,,,,,,,,empty,d15:1.00,0.0
randinit_aff16_seed1,16,8,4,0,0.0,,,,,,,,empty,,
randinit_aff16_seed1,16,16,8,0,0.0,,,,,,,,empty,d16:1.00,0.0
randinit_aff16_seed2,16,8,4,0,0.0,,,,,,,,empty,,
randinit_aff16_seed2,16,16,8,0,0.0,,,,,,,,empty,d16:1.00,0.0
randinit_aff16_seed3,16,8,4,0,0.0,,,,,,,,empty,,
randinit_aff16_seed3,16,16,8,0,0.0,,,,,,,,empty,d16:1.00,0.0
randinit_aff16_seed4,16,8,4,0,0.0,,,,,,,,empty,,
randinit_aff16_seed4,16,16,8,0,0.0,,,,,,,,empty,d16:1.00,0.0
randinit_aff16_seed5,16,8,4,0,0.0,,,,,,,,empty,,
randinit_aff16_seed5,16,16,8,0,0.0,,,,,,,,empty,d16:1.00,0.0
randinit_aff16_seed6,16,8,4,0,0.0,,,,,,,,empty,,
randinit_aff16_seed6,16,16,8,0,0.0,,,,,,,,empty,d16:1.00,0.0
randinit_aff16_seed7,16,8,4,0,0.0,,,,,,,,empty,,
randinit_aff16_seed7,16,16,8,0,0.0,,,,,,,,empty,d16:1.00,0.0
randinit_aff16_seed8,16,8,4,0,0.0,,,,,,,,empty,,
randinit_aff16_seed8,16,16,8,0,0.0,,,,,,,,empty,d16:1.00,0.0
randinit_aff16_seed9,16,8,4,0,0.0,,,,,,,,empty,,
randinit_aff16_seed9,16,16,8,0,0.0,,,,,,,,empty,d16:1.00,0.0
randinit_aff16_seed10,16,8,4,0,0.0,,,,,,,,empty,,
randinit_aff16_seed10,16,16,8,0,0.0,,,,,,,,empty,d16:1.00,0.0
randinit_aff21_seed1,21,7,6,0,0.0,,,,,,,,empty,,
randinit_aff21_seed1,21,21,12,0,0.0,,,,,,,,empty,d21:1.00,0.0
randinit_aff21_seed2,21,7,6,0,0.0,,,,,,,,empty,,
randinit_aff21_seed2,21,21,12,0,0.0,,,,,,,,empty,d21:1.00,0.0
randinit_aff21_seed3,21,7,6,0,0.0,,,,,,,,empty,,
randinit_aff21_seed3,21,21,12,0,0.0,,,,,,,,empty,d21:1.00,0.0
randinit_aff21_seed4,21,7,6,0,0.0,,,,,,,,empty,,
randinit_aff21_seed4,21,21,12,0,0.0,,,,,,,,empty,d21:1.00,0.0
randinit_aff21_seed5,21,7,6,0,0.0,,,,,,,,empty,,
randinit_aff21_seed5,21,21,12,0,0.0,,,,,,,,empty,d21:1.00,0.0
randinit_aff21_seed6,21,7,6,0,0.0,,,,,,,,empty,,
randinit_aff21_seed6,21,21,12,0,0.0,,,,,,,,empty,d21:1.00,0.0
randinit_aff21_seed7,21,7,6,0,0.0,,,,,,,,empty,,
randinit_aff21_seed7,21,21,12,0,0.0,,,,,,,,empty,d21:1.00,0.0
randinit_aff21_seed8,21,7,6,0,0.0,,,,,,,,empty,,
randinit_aff21_seed8,21,21,12,0,0.0,,,,,,,,empty,d21:1.00,0.0
randinit_aff21_seed9,21,7,6,0,0.0,,,,,,,,empty,,
randinit_aff21_seed9,21,21,12,0,0.0,,,,,,,,empty,d21:1.00,0.0
randinit_aff21_seed10,21,7,6,0,0.0,,,,,,,,empty,,
randinit_aff21_seed10,21,21,12,0,0.0,,,,,,,,empty,d21:1.00,0.0
